cuce,entidad,tipo_contratacion,modalidad,objeto,estado.x,subasta,fecha_presentacion,fecha_publicacion,archivos,formularios,ficha_proceso,persona_contacto,garantia,costo_pliego,arpc,reunion_aclaracion,fecha_adjudicacion_desierta,departamento,normativa,numero,codigo_unspsc,objeto_de_gasto,descripcion_del_bien_o_servicio,unidad_de_medida,cantidad,precio_referencial_unitario,precio_referencial_total,nombre_o_razon_social_del_proponente_adjudicado,precio_unitario_adjudicado,total_adjudicado,cantidad_recepcionada,precio_unitario_real,monto_real_ejecutado,estado.y,cronograma
20-0417-03-1041354-1-1,Caja Nacional De Salud Regional Santa Cruz,Bienes,ANPP,"20 Cajas Hiv Elisa X 480 Determinaciones
20 Cajas Hepatitis B Antigeno De Superficie Elisa X 480 Determinaciones
20 Cajas Hepatitis C Elisa X 480 Determinaciones- Supervision Regional De Laboratorio",Contratado,NA,2020-06-03,2020-05-22,ConvocatoriaDocumento Base de ContratacionRes. de Adjudicacion (nota)Informe de la Comision/Responsable de EvaluacionContrato/Orden de Compra/Orden de Servicio,FORM 100FORM 170FORM 200,Ver Ficha,Rocio Uruña Alanes (Telf: 3393354),NA,NA,-,NA,2020-06-12,Santa Cruz,NB-SABS (D.S.0181),1,4214000,34200,HIV ELISA X 480 DETERMINACIONES,CAJA,20,8000,160000,ANALISIS CLINICO TITICACA S.R.L.,8000,160000,NA,NA,NA,Contratado,Cronograma 0
20-0417-03-1041354-1-1,Caja Nacional De Salud Regional Santa Cruz,Bienes,ANPP,"20 Cajas Hiv Elisa X 480 Determinaciones
20 Cajas Hepatitis B Antigeno De Superficie Elisa X 480 Determinaciones
20 Cajas Hepatitis C Elisa X 480 Determinaciones- Supervision Regional De Laboratorio",Contratado,NA,2020-06-03,2020-05-22,ConvocatoriaDocumento Base de ContratacionRes. de Adjudicacion (nota)Informe de la Comision/Responsable de EvaluacionContrato/Orden de Compra/Orden de Servicio,FORM 100FORM 170FORM 200,Ver Ficha,Rocio Uruña Alanes (Telf: 3393354),NA,NA,-,NA,2020-06-12,Santa Cruz,NB-SABS (D.S.0181),2,4214000,34200,HEPATITIS C ELISA X 480 DETERMINACIONES,CAJA,20,14000,280000,ANALISIS CLINICO TITICACA S.R.L.,14000,280000,NA,NA,NA,Contratado,Cronograma 0
20-0417-03-1041354-1-1,Caja Nacional De Salud Regional Santa Cruz,Bienes,ANPP,"20 Cajas Hiv Elisa X 480 Determinaciones
20 Cajas Hepatitis B Antigeno De Superficie Elisa X 480 Determinaciones
20 Cajas Hepatitis C Elisa X 480 Determinaciones- Supervision Regional De Laboratorio",Contratado,NA,2020-06-03,2020-05-22,ConvocatoriaDocumento Base de ContratacionRes. de Adjudicacion (nota)Informe de la Comision/Responsable de EvaluacionContrato/Orden de Compra/Orden de Servicio,FORM 100FORM 170FORM 200,Ver Ficha,Rocio Uruña Alanes (Telf: 3393354),NA,NA,-,NA,2020-06-12,Santa Cruz,NB-SABS (D.S.0181),3,4214000,34200,HEPATITIS B ANTIGENO DE SUPERFICIE ELISA X 480 DETERMINACIONES,CAJA,20,8000,160000,ANALISIS CLINICO TITICACA S.R.L.,8000,160000,NA,NA,NA,Contratado,Cronograma 0
20-0417-09-1042550-0-E,Caja Nacional De Salud - Regional La Paz,Bienes,CM,42 Cja. Antigeno En Heces Fecales Para H. Pilory. Sepervision De Laboratorio Regional La Paz,Contratado,NA,NA,2020-06-01,Res. de Adjudicacion (nota)Contrato/Orden de Compra/Orden de ServicioActa o informe de recepcion definitiva,FORM 400FORM 500,Ver Ficha,Brayan Luis Cabrera Vera (Telf: 2-901777),NA,NA,-,NA,2020-05-21,La Paz,NB-SABS (D.S.0181),1,5121000,34200,42 CJA. ANTIGENO EN HECES FECALES PARA H. PILORY. SEPERVISION DE LABORATORIO REGIONAL LA PAZ,CJA,42,NA,NA,ATS LAB S.R.L,990,41580,42,990,41580,Contratado,Cronograma
20-0902-44-1046092-1-1,Banco De Sangre De Referencia Departamental De La Paz - Hemocentro,Bienes,ANPE,Enzimoinmunoanalisis Elisa X 480 Determinaciones Para Deteccion De Antigeno De Superficie Del Virus De La Hepatitis ?B? (Hbsag) En Suero O Plasma Humano,Contratado,NA,2020-06-30,2020-06-23,Documento Base de ContratacionConvocatoriaRes. de Adjudicacion (nota)Informe de la Comision/Responsable de EvaluacionContrato/Orden de Compra/Orden de Servicio,FORM 100FORM 170FORM 200,Ver Ficha,Hugo  Quispe  Limachi  (Telf: ),NA,NA,-,NA,2020-07-03,La Paz,NB-SABS (D.S.0181),1,1235000,34200,ENZIMOINMUNOANALISIS ELISA X 480 DETERMINACIONES PARA DETECCION DE ANTIGENO DE SUPERFICIE DEL VIRUS DE LA HEPATITIS ?B? (HBsAg) EN SUERO O PLASMA HUMANO,KITS,15,4000,60000,ANALISIS CLINICO TITICACA S.R.L.,4000,60000,NA,NA,NA,Contratado,Cronograma 0
20-0902-44-1046068-1-1,Banco De Sangre De Referencia Departamental De La Paz - Hemocentro,Bienes,ANPE,Enzimoinmunoanalisis Elisa X 480 Determinaciones Para Deteccion In Vitro De Anticuerpos Anti-Hcv Y Antigeno Viral Del Virus De La Hepatitis ?C? En Suero O Plasma Humano,Contratado,NA,2020-06-30,2020-06-23,ConvocatoriaDocumento Base de ContratacionRes. de Adjudicacion (nota)Informe de la Comision/Responsable de EvaluacionContrato/Orden de Compra/Orden de Servicio,FORM 100FORM 170FORM 200,Ver Ficha,Hugo  Quispe  Limachi  (Telf: ),NA,NA,-,NA,2020-07-03,La Paz,NB-SABS (D.S.0181),1,1235000,34200,ENZIMOINMUNOANALISIS ELISA X 480 DETERMINACIONES PARA DETECCION IN VITRO DE ANTICUERPOS ANTI-HCV Y ANTIGENO VIRAL DEL VIRUS DE LA HEPATITIS ?C? EN SUERO O PLASMA HUMANO,KITS,15,7600,114000,ANALISIS CLINICO TITICACA S.R.L.,7600,114000,NA,NA,NA,Contratado,Cronograma 0
20-0417-03-1051198-0-E,Caja Nacional De Salud Regional Santa Cruz,Bienes,CM,Adquisicion De 40 Caja Hepatitis B Elisa Antigeno De Superficie X 96 Determinaciones - Supervision Regional De Laboratorio,Contratado,NA,NA,2020-07-24,Contrato/Orden de Compra/Orden de ServicioRes. de Adjudicacion (nota)Acta o informe de recepcion definitiva,FORM 400FORM 500,Ver Ficha,Claudia Lorena Alvarez Bejarano (Telf: 3393354),NA,NA,-,NA,2020-03-16,Santa Cruz,NB-SABS (D.S.0181),1,4214000,34200,ADQUISICION DE 40 CAJA HEPATITIS B ELISA ANTIGENO DE SUPERFICIE X 96 DETERMINACIONES - SUPERVISION REGIONAL DE LABORATORIO,CAJA,40,NA,NA,LOPEZ GALVEZ ERNESTO MAURO,760,30400,40,760,30400,Contratado,Cronograma
20-0417-04-1063720-2-1,Caja Nacional De Salud Regional Cochabamba,Bienes,ANPE,Antigeno Sars Cov-2 Prueba Rapida Caja X 25,Contratado,No,2020-10-08,2020-10-02,1.Documento Base de Contratacion 2.Convocatoria 3.Informe de la Comision/Responsable de Evaluacion 4.Res. de Adjudicacion (nota) 5.Convocatoria a Ampliacion 6.Resolución/Nota/Documento que autorice la Ampliacion 7.Solicitud habilitación FORM-170 (requerido) 8.Res. de Adjudicacion (nota) 9.Ver mas...,1.FORM 100 2.FORM 170 3.FORM 100-E 4.FORM 170 5.FORM 200 6.FORM 500,https://www.sicoes.gob.bo/portal/contrataciones/ficha/fichaProceso.php?cp=20-0417-04-1063720-2-1,Marcela Katherine Valdivia Humerez (Telf: 4234378),NA,NA,-,NA,NA,Cochabamba,NB-SABS (D.S.0181),NA,NA,NA,NA,NA,NA,NA,NA,NA,NA,NA,NA,NA,NA,NA,NA
20-0417-06-1075263-1-1,Caja Nacional De Salud (Regional Chuquisaca),Bienes,ANPP,Adquisicion De 200 Cajas Prueba Rapida Antigeno Viral Para Covid-19 Solicitado Por El Servicio De Laboratorio Del Centro Centinela Covid-19 De La Caja Nacional De Salud Regional Chuquisaca,Contratado,No,2020-11-05,2020-10-23,1.Documento Base de Contratacion 2.Convocatoria 3.Resolución/Nota/Documento que autorice la Ampliacion 4.Convocatoria a Ampliacion 5.Resolución/Nota/Documento que autorice la Ampliacion 6.Informe de la Comision/Responsable de Evaluacion 7.Res. de Adjudicacion (nota) 8.Contrato/Orden de Compra/Orden de Servicio 9.Ver mas...,1.FORM 100 2.FORM 100-E 3.FORM 170 4.FORM 200 5.FORM 500,https://www.sicoes.gob.bo/portal/contrataciones/ficha/fichaProceso.php?cp=20-0417-06-1075263-1-1,Marvelia Canaviri Martinez (Telf: 6461501),NA,NA,-,NA,NA,Chuquisaca,NB-SABS (D.S.0181),1,4112000,34200,PRUEBA RAPIDA ANTIGENO VIRAL PARA COVID-19,CAJA,200,NA,NA,LESO ANALITICO S.R.L.,NA,NA,200,NA,NA,Contratado,Cronograma 1
20-0417-06-1092021-1-1,Caja Nacional De Salud (Regional Chuquisaca),Bienes,CM,10 Caja Prueba Rapida Para Antigenos De Covid Serv. Laboratorio Cimfa 25 De Mayo,Contratado,No,2020-12-07,2020-12-03,1.Oferta del Proveedor Preseleccionado 2.Aceptación de publicación de oferta 3.Contrato/Orden de Compra/Orden de Servicio 4.Acta o informe de recepcion definitiva,1.FORM 110 2.FORM 220 3.FORM 500,https://www.sicoes.gob.bo/portal/contrataciones/ficha/fichaProceso.php?cp=20-0417-06-1092021-1-1,Marvelia Canaviri Martinez (Telf: 6461501),NA,NA,-,NA,NA,Chuquisaca,NB-SABS (D.S.0181),1,4112000,34200,PRUEBA RAPIDAS PARA DETECCION DE ANTIGENO PARA COVID,CAJA,10,NA,NA,NA,NA,NA,10,NA,NA,Contratado,Cronograma 0
20-0417-02-1094302-1-1,Caja Nacional De Salud (Regional Cobija),Bienes,CD,Prueva Rapida Covid-19ag (Antigeno),Contratado,No,2020-12-14,2020-12-09,1.Oferta del Proveedor Preseleccionado 2.Aceptación de publicación de oferta 3.Contrato/Orden de Compra/Orden de Servicio 4.Acta o informe de recepcion definitiva,1.FORM 110 2.FORM 220 3.FORM 500,https://www.sicoes.gob.bo/portal/contrataciones/ficha/fichaProceso.php?cp=20-0417-02-1094302-1-1,Rilmar Yamil Avila Sequeiros (Telf: 8422409),NA,NA,-,NA,NA,Pando,D.S. 4174 (COVID-19),1,5121000,34200,Prueba Rapida Covid-19 Ag (Antigeno),caja,NA,NA,NA,NA,NA,NA,NA,NA,NA,Contratado,Cronograma 0
20-1301-00-1100106-1-1,Gobierno Autonomo Municipal De Cochabamba,Bienes,CD,Compra Antigeno Y Anticuerpo Pruebas Rapidas Atencion Coronavirus,Contratado,No,2020-12-24,2020-12-22,1.Oferta del Proveedor Preseleccionado 2.Aceptación de publicación de oferta 3.Contrato/Orden de Compra/Orden de Servicio 4.Acta o informe de recepcion definitiva,1.FORM 110 2.FORM 220 3.FORM 500,https://www.sicoes.gob.bo/portal/contrataciones/ficha/fichaProceso.php?cp=20-1301-00-1100106-1-1,Hamel Let Jacinto Ossa Lozada (Telf: 4258103- 4425810-4258030),NA,NA,-,NA,NA,Cochabamba,D.S. 4174 (COVID-19),1,5121000,34200,PRUEBA DE ANTIGENO PARA COVID-19,UNIDAD,NA,70,NA,NA,NA,NA,NA,42.49,NA,Contratado,Cronograma 0
20-1301-00-1100106-1-1,Gobierno Autonomo Municipal De Cochabamba,Bienes,CD,Compra Antigeno Y Anticuerpo Pruebas Rapidas Atencion Coronavirus,Contratado,No,2020-12-24,2020-12-22,1.Oferta del Proveedor Preseleccionado 2.Aceptación de publicación de oferta 3.Contrato/Orden de Compra/Orden de Servicio 4.Acta o informe de recepcion definitiva,1.FORM 110 2.FORM 220 3.FORM 500,https://www.sicoes.gob.bo/portal/contrataciones/ficha/fichaProceso.php?cp=20-1301-00-1100106-1-1,Hamel Let Jacinto Ossa Lozada (Telf: 4258103- 4425810-4258030),NA,NA,-,NA,NA,Cochabamba,D.S. 4174 (COVID-19),2,5121000,34200,PRUEBAS RAPIDAS PARA DETECCION DE ANTICUERPO IGM E IGG,UNIDAD,NA,45,NA,NA,NA,NA,NA,32.99,NA,Contratado,Cronograma 0
20-0902-40-1100820-1-1,"Hospital Del Niño  Dr. Ovidio Aliaga Uria""""",Bienes,CM,Adquisicion 20 Cajas De Pruebas Rapidas Sars-Cov2 Antigeno (I),Contratado,No,2020-12-28,2020-12-23,1.Oferta del Proveedor Preseleccionado 2.Aceptación de publicación de oferta 3.Contrato/Orden de Compra/Orden de Servicio 4.Resolucion/Documento de Declaratoria Desierta 5.Acta o informe de recepcion definitiva,1.FORM 110 2.FORM 220 3.FORM 500,https://www.sicoes.gob.bo/portal/contrataciones/ficha/fichaProceso.php?cp=20-0902-40-1100820-1-1,Ruth Gloria Quenallata Chino (Telf: 2205060),NA,NA,-,NA,NA,La Paz,NB-SABS (D.S.0181),NA,NA,NA,NA,NA,NA,NA,NA,NA,NA,NA,NA,NA,NA,NA,NA
20-0902-40-1100811-1-1,"Hospital Del Niño  Dr. Ovidio Aliaga Uria""""",Bienes,CM,Adquisicion 20 Cajas De Pruebas Rapidas Sars- Cov2 Antigeno,Contratado,No,2020-12-28,2020-12-23,1.Oferta del Proveedor Preseleccionado 2.Aceptación de publicación de oferta 3.Contrato/Orden de Compra/Orden de Servicio 4.Resolucion/Documento de Declaratoria Desierta 5.Acta o informe de recepcion definitiva,1.FORM 110 2.FORM 220 3.FORM 500,https://www.sicoes.gob.bo/portal/contrataciones/ficha/fichaProceso.php?cp=20-0902-40-1100811-1-1,Ruth Gloria Quenallata Chino (Telf: 2205060),NA,NA,-,NA,NA,La Paz,NB-SABS (D.S.0181),NA,NA,NA,NA,NA,NA,NA,NA,NA,NA,NA,NA,NA,NA,NA,NA
20-0046-28-1102142-1-1,Caja De Salud Cordes Cochabamba,Bienes,CM,Adquisicion De Pruebas De Antigeno Por Hisopado Nasofaringeo Para Covid-19,Contratado,No,2020-12-31,2020-12-29,1.Aceptación de publicación de oferta 2.Oferta del Proveedor Preseleccionado 3.Contrato/Orden de Compra/Orden de Servicio 4.Informe de Justificación 5.Resolucion/Documento de Declaratoria Desierta 6.Acta o informe de recepcion definitiva,1.FORM 110 2.FORM 220 3.FORM 500,https://www.sicoes.gob.bo/portal/contrataciones/ficha/fichaProceso.php?cp=20-0046-28-1102142-1-1,Iver Cortez Alanis (Telf: 4532715),NA,NA,-,NA,NA,Cochabamba,NB-SABS (D.S.0181),1,1235000,34200,PRUEBA DE ANTIGENO POR HISOPADO NASOFARINGEO PARA COVID-19,PIEZA,500,100,NA,NA,NA,NA,500,85,NA,Contratado,Cronograma 0
21-0417-04-1105175-1-1,Caja Nacional De Salud Regional Cochabamba,Bienes,ANPP,Prueba Rapida Antigeno Sars Cov 2,Contratado,No,2021-01-28,2021-01-14,1.Convocatoria 2.Documento Base de Contratacion 3.Informe de la Comision/Responsable de Evaluacion 4.Res. de Adjudicacion (nota) 5.Contrato/Orden de Compra/Orden de Servicio 6.Acta o informe de recepcion definitiva,1.FORM 100 2.FORM 170 3.FORM 200 4.FORM 500,https://www.sicoes.gob.bo/portal/contrataciones/ficha/fichaProceso.php?cp=21-0417-04-1105175-1-1,Boris Javier Alarcon Hinojosa (Telf: 4234378),NA,NA,-,NA,NA,Cochabamba,NB-SABS (D.S.0181),NA,NA,NA,NA,NA,NA,NA,NA,NA,NA,NA,NA,NA,NA,NA,NA
21-0423-00-1105546-1-1,Caja De Salud De Caminos Y Ramas Anexas,Bienes,CM,Compra De Pruebas Rapidas (Test De Antigeno Covid-19) Para El Hospital - Regional La Paz,Contratado,No,2021-01-19,2021-01-15,1.Aceptación de publicación de oferta 2.Oferta del Proveedor Preseleccionado 3.Contrato/Orden de Compra/Orden de Servicio 4.Acta o informe de recepcion definitiva,1.FORM 110 2.FORM 220 3.FORM 500,https://www.sicoes.gob.bo/portal/contrataciones/ficha/fichaProceso.php?cp=21-0423-00-1105546-1-1,Sergio Leonardini Cordero Herrera (Telf: 2916539),NA,NA,-,NA,NA,La Paz,NB-SABS (D.S.0181),1,5110000,34200,KIT UNITARIO DE PRUEBA RAPIDA PARA COVID 19 HISOPO; CON REGISTRO SANITARIO; ADJUNTAR REGISTROS DE CALIDAD INTERNACIONALES (FDA o CE o JIS e ISO); DE ENTREGA INMEDIA,KIT,260,190,NA,NA,NA,NA,260,130,NA,Contratado,Cronograma 0
21-0422-00-1107610-1-1,Caja Bancaria Estatal De Salud,Bienes,CM,Compra De Insumos De Emergencia Para Laboratorio Para Covid-19 Antigeno - 2,Contratado,No,2021-01-29,2021-01-27,1.Aceptación de publicación de oferta 2.Oferta del Proveedor Preseleccionado 3.Contrato/Orden de Compra/Orden de Servicio 4.Acta o informe de recepcion definitiva,1.FORM 110 2.FORM 220 3.FORM 500,https://www.sicoes.gob.bo/portal/contrataciones/ficha/fichaProceso.php?cp=21-0422-00-1107610-1-1,Asunta Gladys Muñoz Mamani (Telf: 2226791),NA,NA,-,NA,NA,La Paz,NB-SABS (D.S.0181),1,5121000,34200,PRUEBAS RAPIDAS PARA DETECCION DE COVID-19 ANTIGENO (CAJA POR 25 UNID. CASETTE),CAJA,NA,NA,NA,NA,NA,NA,NA,NA,NA,Contratado,Cronograma 0
21-0046-28-1111232-1-1,Caja De Salud Cordes Cochabamba,Bienes,CM,"Adquisicion De Pruebas Para Identificacion De Covid-19 Por Antigeno Y Anticuerpo, Menor",Contratado,No,2021-02-12,2021-02-09,1.Oferta del Proveedor Identificado 2.Declaración Jurada del Proveedor 3.Resolucion/Documento de Declaratoria Desierta 4.Contrato/Orden de Compra/Orden de Servicio 5.Acta o informe de recepcion definitiva,1.FORM 110 2.FORM 220 3.FORM 500,https://www.sicoes.gob.bo/portal/contrataciones/ficha/fichaProceso.php?cp=21-0046-28-1111232-1-1,Iver Cortez Alanis (Telf: 4532715),NA,NA,NA,NA,NA,Cochabamba,NB-SABS (D.S.0181),1,1235000,34200,"PRUEBA PARA IDENTIFICACION DE COVID- 19 POR ANTIGENO, SELLADA, CON HISOPO PARA TOMA DE MUESTRA, CABEZAL PARA TUBO DE EXTRACCION, TUBO DE EXTRACCION DE MUESTRA CON BUFFER",PIEZA,500,70,NA,NA,NA,NA,500,60,NA,Contratado,Cronograma 0
21-0046-28-1111232-1-1,Caja De Salud Cordes Cochabamba,Bienes,CM,"Adquisicion De Pruebas Para Identificacion De Covid-19 Por Antigeno Y Anticuerpo, Menor",Contratado,No,2021-02-12,2021-02-09,1.Oferta del Proveedor Identificado 2.Declaración Jurada del Proveedor 3.Resolucion/Documento de Declaratoria Desierta 4.Contrato/Orden de Compra/Orden de Servicio 5.Acta o informe de recepcion definitiva,1.FORM 110 2.FORM 220 3.FORM 500,https://www.sicoes.gob.bo/portal/contrataciones/ficha/fichaProceso.php?cp=21-0046-28-1111232-1-1,Iver Cortez Alanis (Telf: 4532715),NA,NA,NA,NA,NA,Cochabamba,NB-SABS (D.S.0181),2,1235000,34200,"PRUEBA PARA IDENTIFICACION DE COVID- 19 POR ANTICUERPO IGG e IGM, SELLADA, CON BUFFER Y CON APLICADORES",PIEZA,250,55,NA,NA,NA,NA,250,40,NA,Contratado,Cronograma 0
21-0139-00-1111234-1-1,Universidad Mayor De San Andres - Umsa,Bienes,CM,"Compra De Reactivos Kit Para La Determinacion De Antigeno Viral Para Covid-19 Del Proyecto Idh-98 Prevencion, Control Y Atencion Del Coronavirus",Contratado,No,2021-02-12,2021-02-09,1.Declaración Jurada del Proveedor 2.Oferta del Proveedor Identificado 3.Contrato/Orden de Compra/Orden de Servicio 4.Acta o informe de recepcion definitiva,1.FORM 110 2.FORM 220 3.FORM 500,https://www.sicoes.gob.bo/portal/contrataciones/ficha/fichaProceso.php?cp=21-0139-00-1111234-1-1,Virginia Miryan Saravia Telleria (Telf: 2441994),NA,NA,NA,NA,NA,La Paz,NB-SABS (D.S.0181),1,4218000,34200,STANDAR TM Q COVID 19 PRUEBA AG CAJA X 25 CASSETTES,CAJA,16,NA,NA,NA,NA,NA,16,NA,NA,Contratado,Cronograma 0
21-0417-01-1112943-1-1,Caja Nacional De Salud (Regional Tarija),Bienes,ANPP,"Pruebas Rapidas (Antigeno) Para Covid-19, Deteccion De Anticuerpos, Para Laboratorio Clinico.",Contratado,Si,2021-03-01,2021-02-17,1.Documento Base de Contratacion 2.Convocatoria 3.Acta de Apertura 4.Res. de Adjudicacion (nota) 5.Informe de la Comision/Responsable de Evaluacion 6.Contrato/Orden de Compra/Orden de Servicio 7.Acta o informe de recepcion definitiva,1.FORM 100 2.FORM 170 3.FORM 200 4.FORM 500,https://www.sicoes.gob.bo/portal/contrataciones/ficha/fichaProceso.php?cp=21-0417-01-1112943-1-1,Julio Cesar Cruz Estrada (Telf: 6642940),NA,NA,-,NA,NA,Tarija,NB-SABS (D.S.0181),1,4218000,34200,"PRUEBAS RAPIDAS (ANTIGENO) PARA COVID- 19, DETECCION DE ANTICUERPOS",CAJA,400,NA,NA,LESO ANALITICO S.R.L.,NA,NA,400,NA,NA,Contratado,Cronograma 0
21-0046-28-1113583-1-1,Caja De Salud Cordes Cochabamba,Bienes,ANPP,Adquisicion De Pruebas Para Identificacion De Covid-19 Por Antigeno Y Anticuerpo Anpe,Contratado,Si,2021-03-03,2021-02-19,1.Documento Base de Contratacion 2.Convocatoria 3.Res. de Adjudicacion (nota) 4.Informe de la Comision/Responsable de Evaluacion 5.Acta de Apertura 6.Contrato/Orden de Compra/Orden de Servicio 7.Contrato/Orden de Compra/Orden de Servicio 8.Acta o informe de recepcion definitiva 9.Ver mas...,1.FORM 100 2.FORM 170 3.FORM 200 4.FORM 500,https://www.sicoes.gob.bo/portal/contrataciones/ficha/fichaProceso.php?cp=21-0046-28-1113583-1-1,Iver Cortez Alanis (Telf: 4532715),NA,NA,-,NA,NA,Cochabamba,NB-SABS (D.S.0181),1,1235000,34200,"Prueba para identificación de COVID-19 por Antígeno, con hisopo estéril, buffer extractor de muestra y dispensador, taco separado individualmente en empaque",pieza,NA,NA,NA,LESO ANALITICO S.R.L.,NA,NA,NA,NA,NA,Contratado,Cronograma 0
21-0046-28-1113583-1-1,Caja De Salud Cordes Cochabamba,Bienes,ANPP,Adquisicion De Pruebas Para Identificacion De Covid-19 Por Antigeno Y Anticuerpo Anpe,Contratado,Si,2021-03-03,2021-02-19,1.Documento Base de Contratacion 2.Convocatoria 3.Res. de Adjudicacion (nota) 4.Informe de la Comision/Responsable de Evaluacion 5.Acta de Apertura 6.Contrato/Orden de Compra/Orden de Servicio 7.Contrato/Orden de Compra/Orden de Servicio 8.Acta o informe de recepcion definitiva 9.Ver mas...,1.FORM 100 2.FORM 170 3.FORM 200 4.FORM 500,https://www.sicoes.gob.bo/portal/contrataciones/ficha/fichaProceso.php?cp=21-0046-28-1113583-1-1,Iver Cortez Alanis (Telf: 4532715),NA,NA,-,NA,NA,Cochabamba,NB-SABS (D.S.0181),2,1235000,34200,"Prueba para identificación de COVID-19 por Anticuerpo IGG e IGM, con buffer, tacos separados en empaque y aplicadores",pieza,NA,NA,NA,EQUIPOS Y SERVICIOS CISE S.R.L.,NA,NA,NA,NA,NA,Contratado,Cronograma 0
21-0139-00-1115117-1-1,Universidad Mayor De San Andres - Umsa,Bienes,CM,"Adquisicion De Kit Para Determinacion De Antigeno Del Virus  Sars-Cov-2 Por Inmunocromatografia, Calidad Ivd, Ce, Who Eul, Con Destino Al Proyecto Idh Far - Prevención, Control Y Atención Del Coronavirus Del Instituto Seladis-Fcfb",Contratado,No,2021-03-01,2021-02-24,1.Oferta del Proveedor Identificado 2.Declaración Jurada del Proveedor 3.Contrato/Orden de Compra/Orden de Servicio 4.Acta o informe de recepcion definitiva,1.FORM 110 2.FORM 220 3.FORM 500,https://www.sicoes.gob.bo/portal/contrataciones/ficha/fichaProceso.php?cp=21-0139-00-1115117-1-1,Virginia Miryan Saravia Telleria (Telf: 2441994),NA,NA,-,NA,NA,NA,NB-SABS (D.S.0181),1,4218000,34200,"KIT PARA DETERMINACION DE ANTIGENO DEL VIRUS SARS-CoV-2 POR INMUNOCROMATOGRAFIA, CALIDAD IVD, CE, WHO EUL",UNIDAD,550,84,NA,NA,NA,NA,550,84,NA,Contratado,Cronograma 0
21-0139-00-1115574-1-1,Universidad Mayor De San Andres - Umsa,Bienes,CM,"Adquisicion De Kit Para Determinacion De Antigeno Del Virus Sars-Cov-2 Por Inmunocromatografia, Calidad Y Certificaciones Ivd, Ce, Who Eul Con Destino Al Proyecto Idh Far - Prevención, Control Y Atención Del Coronavirus 	Del Instituto Seladis",Contratado,No,2021-03-02,2021-02-25,1.Oferta del Proveedor Identificado 2.Declaración Jurada del Proveedor 3.Contrato/Orden de Compra/Orden de Servicio 4.Acta o informe de recepcion definitiva,1.FORM 110 2.FORM 220 3.FORM 500,https://www.sicoes.gob.bo/portal/contrataciones/ficha/fichaProceso.php?cp=21-0139-00-1115574-1-1,Virginia Miryan Saravia Telleria (Telf: 2441994),NA,NA,-,NA,NA,NA,NB-SABS (D.S.0181),1,4218000,34200,"KIT PARA DETERMINACION DE ANTIGENO DEL VIRUS SARS-COV-2 POR INMUNOCROMATOGRAFIA, CALIDAD Y CERTIFICACIONES IVD, CE, WHO EUL",UNIDAD,515,84,NA,NA,NA,NA,515,84,NA,Contratado,Cronograma 0
21-0417-03-1116295-1-1,Caja Nacional De Salud Regional Santa Cruz,Bienes,CM,90 Juego Antigeno Febril Widal 40 Cajas Liquido Recuento De Plaqueta X 50 Ml 140 Cajas Colesterol Enzimatico,Contratado,No,2021-03-04,2021-03-01,1.Declaración Jurada del Proveedor 2.Oferta del Proveedor Identificado 3.Contrato/Orden de Compra/Orden de Servicio 4.Acta o informe de recepcion definitiva,1.FORM 110 2.FORM 220 3.FORM 500,https://www.sicoes.gob.bo/portal/contrataciones/ficha/fichaProceso.php?cp=21-0417-03-1116295-1-1,Victor Hugo Sejas Alpiri (Telf: 3393354),NA,NA,-,NA,NA,NA,NB-SABS (D.S.0181),NA,NA,NA,NA,NA,NA,NA,NA,NA,NA,NA,NA,NA,NA,NA,NA
21-0417-01-1120120-1-1,Caja Nacional De Salud (Regional Tarija),Bienes,CM,Adquisicion 24 Cajas Prueba Rapida Covid-19 Nasofaringea De Determinacion De Antigeno Viral,Contratado,No,2021-03-18,2021-03-15,1.Declaración Jurada del Proveedor 2.Oferta del Proveedor Identificado 3.Contrato/Orden de Compra/Orden de Servicio 4.Acta o informe de recepcion definitiva,1.FORM 110 2.FORM 220 3.FORM 500,https://www.sicoes.gob.bo/portal/contrataciones/ficha/fichaProceso.php?cp=21-0417-01-1120120-1-1,Leodan Gonzales Avendaño (Telf: 6642940),NA,NA,-,NA,NA,Tarija,NB-SABS (D.S.0181),1,4218000,34200,ADQUISICION 24 CAJAS PRUEBA RAPIDA COVID-19 NASOFARINGEA DE DETERMINACION DE ANTIGENO VIRAL,CAJA,24,NA,NA,NA,NA,NA,24,NA,NA,Contratado,Cronograma 0
21-0417-03-1127275-1-1,Caja Nacional De Salud Regional Santa Cruz,Bienes,CM,50 Caja Hepatitis B Elisa Antigeno De Superficie X 96 Determinaciones,Contratado,No,2021-04-08,2021-04-05,1.Declaración Jurada del Proveedor 2.Oferta del Proveedor Identificado 3.Contrato/Orden de Compra/Orden de Servicio 4.Acta o informe de recepcion definitiva,1.FORM 110 2.FORM 220 3.FORM 500,https://www.sicoes.gob.bo/portal/contrataciones/ficha/fichaProceso.php?cp=21-0417-03-1127275-1-1,Victor Hugo Sejas Alpiri (Telf: 3393354),NA,NA,-,NA,NA,Santa Cruz,NB-SABS (D.S.0181),NA,NA,NA,NA,NA,NA,NA,NA,NA,NA,NA,NA,NA,NA,NA,NA
21-0423-00-1131947-1-1,Caja De Salud De Caminos Y Ramas Anexas,Bienes,CM,Compra De Pruebas Rapidas Antigeno Nasal - Regional La Paz,Contratado,No,2021-04-22,2021-04-16,1.Declaración Jurada del Proveedor 2.Oferta del Proveedor Identificado 3.Contrato/Orden de Compra/Orden de Servicio 4.Acta o informe de recepcion definitiva,1.FORM 110 2.FORM 220 3.FORM 500,https://www.sicoes.gob.bo/portal/contrataciones/ficha/fichaProceso.php?cp=21-0423-00-1131947-1-1,Daysi Ximena Flores Muñoz (Telf: 2916539),NA,NA,-,NA,NA,La Paz,NB-SABS (D.S.0181),NA,NA,NA,NA,NA,NA,NA,NA,NA,NA,NA,NA,NA,NA,NA,NA
21-0417-06-1119813-1-2,Caja Nacional De Salud (Regional Chuquisaca),Bienes,ANPP,Adquisicion De 370 Cajas Prueba Rapida Antigeno Viral Covid-19 Solicitado Por El Servicio De Laboratorio Del Centro Centinela Covid -19 De La Caja Nacional De Salud Regional Chuquisaca,Contratado,Si,2021-04-30,2021-04-19,1.Convocatoria 2.Documento Base de Contratacion 3.Res. de Adjudicacion (nota) 4.Informe de la Comision/Responsable de Evaluacion 5.Contrato/Orden de Compra/Orden de Servicio 6.Acta o informe de recepcion definitiva 7.Acta de Apertura,1.FORM 100 2.FORM 170 3.FORM 200 4.FORM 500,https://www.sicoes.gob.bo/portal/contrataciones/ficha/fichaProceso.php?cp=21-0417-06-1119813-1-2,Marvelia Canaviri Martinez (Telf: 6461501),NA,NA,-,NA,NA,Chuquisaca,NB-SABS (D.S.0181),1,4111614,34200,Kits o suministros para pruebas de virología - PRUEBA RAPIDA ANTIGENO VIRAL COVID 19,CAJA,370,NA,NA,INSUMOS DE VIDA S.R.L.,650,NA,370,650,NA,Contratado,Cronograma 0
21-0417-06-1119465-1-2,Caja Nacional De Salud (Regional Chuquisaca),Bienes,ANPP,Adquisicion De 300 Caja Prueba Rapida Antigeno Viral Covid-19 Solicitado Por El Servicio De Laboratorio Del Centro Centinela Covid -19 De La Caja Nacional De Salud Regional Chuquisaca,Contratado,Si,2021-04-30,2021-04-19,1.Documento Base de Contratacion 2.Convocatoria 3.Res. de Adjudicacion (nota) 4.Informe de la Comision/Responsable de Evaluacion 5.Contrato/Orden de Compra/Orden de Servicio 6.Acta o informe de recepcion definitiva 7.Acta de Apertura,1.FORM 100 2.FORM 170 3.FORM 200 4.FORM 500,https://www.sicoes.gob.bo/portal/contrataciones/ficha/fichaProceso.php?cp=21-0417-06-1119465-1-2,Marvelia Canaviri Martinez (Telf: 6461501),NA,NA,-,NA,NA,Chuquisaca,NB-SABS (D.S.0181),1,4111614,34200,Kits o suministros para pruebas de virología - PRUEBA RAPIDA ANTIGENO VIRAL COVID -19,CAJA,300,NA,NA,INSUMOS DE VIDA S.R.L.,800,NA,300,800,NA,Contratado,Cronograma 0
21-0422-00-1137760-1-1,Caja Bancaria Estatal De Salud,Bienes,CM,Compra De Urgencia De Pruebas De Antigeno Para Covid-19,Contratado,No,2021-05-14,2021-05-11,1.Declaración Jurada del Proveedor 2.Oferta del Proveedor Identificado 3.Contrato/Orden de Compra/Orden de Servicio 4.Acta o informe de recepcion definitiva,1.FORM 110 2.FORM 220 3.FORM 500,https://www.sicoes.gob.bo/portal/contrataciones/ficha/fichaProceso.php?cp=21-0422-00-1137760-1-1,Asunta Gladys Muñoz Mamani (Telf: 2226791),NA,NA,-,NA,NA,La Paz,NB-SABS (D.S.0181),1,4111620,34200,"Kits de pruebas rápidas - COMPRA DE URGENCIA DE PRUEBAS DE ANTIGENO PARA COVID-19   Hisopo nasofaríngeo, cabezales para tubo, tubos de extracción con buffer sellados, pruebas de antígeno en casette sellados",UNIDAD,NA,45,NA,NA,NA,NA,NA,31,NA,Contratado,Cronograma 0
21-0417-04-1137898-1-1,Caja Nacional De Salud Regional Cochabamba,Bienes,ANPE,Ameba Histolitica Antigeno En Heces Elisa X 96 Determinaciones,Contratado,Si,2021-05-17,2021-05-11,1.Convocatoria 2.Documento Base de Contratacion 3.Acta de Apertura 4.Res. de Adjudicacion (nota) 5.Informe de la Comision/Responsable de Evaluacion 6.Contrato/Orden de Compra/Orden de Servicio 7.Acta o informe de recepcion definitiva,1.FORM 100 2.FORM 170 3.FORM 200 4.FORM 500,https://www.sicoes.gob.bo/portal/contrataciones/ficha/fichaProceso.php?cp=21-0417-04-1137898-1-1,Marcela Katherine Valdivia Humerez (Telf: 4234378),NA,NA,-,NA,NA,Cochabamba,NB-SABS (D.S.0181),NA,NA,NA,NA,NA,NA,NA,NA,NA,NA,NA,NA,NA,NA,NA,NA
21-0423-00-1140163-1-1,Caja De Salud De Caminos Y Ramas Anexas,Bienes,ANPE,Compra De Pruebas Covid Antigeno Nasal - Regional La Paz,Contratado,Si,2021-05-28,2021-05-24,1.Documento Base de Contratacion 2.Convocatoria 3.Informe de la Comision/Responsable de Evaluacion 4.Res. de Adjudicacion (nota) 5.Contrato/Orden de Compra/Orden de Servicio 6.Acta o informe de recepcion definitiva,1.FORM 100 2.FORM 170 3.FORM 200 4.FORM 500,https://www.sicoes.gob.bo/portal/contrataciones/ficha/fichaProceso.php?cp=21-0423-00-1140163-1-1,Sergio Arturo Saenz Lanza (Telf: 2916539),NA,NA,-,NA,NA,La Paz,NB-SABS (D.S.0181),1,4111620,43400,Kits de pruebas rápidas - KIT DE PRUEBAS DE ANTIGENO NASAL,CSJAS,179,697,NA,INSUMOS DE VIDA S.R.L.,600,NA,179,600,NA,Contratado,Cronograma 0
21-0423-00-1140163-1-1,Caja De Salud De Caminos Y Ramas Anexas,Bienes,ANPE,Compra De Pruebas Covid Antigeno Nasal - Regional La Paz,Contratado,Si,2021-05-28,2021-05-24,1.Documento Base de Contratacion 2.Convocatoria 3.Informe de la Comision/Responsable de Evaluacion 4.Res. de Adjudicacion (nota) 5.Contrato/Orden de Compra/Orden de Servicio 6.Acta o informe de recepcion definitiva,1.FORM 100 2.FORM 170 3.FORM 200 4.FORM 500,https://www.sicoes.gob.bo/portal/contrataciones/ficha/fichaProceso.php?cp=21-0423-00-1140163-1-1,Sergio Arturo Saenz Lanza (Telf: 2916539),NA,NA,-,NA,NA,La Paz,NB-SABS (D.S.0181),1,4111620,43400,Kits de pruebas rápidas - KIT DE PRUEBAS DE ANTIGENO NASAL,CSJAS,179,697,NA,INSUMOS DE VIDA S.R.L.,600,NA,179,600,NA,Contratado,Cronograma 0
21-0423-00-1140341-1-1,Caja De Salud De Caminos Y Ramas Anexas,Bienes,CM,Compra De Pruebas Rapidas De Antigeno Nasal Para Covid-19 - Regional Cochabamba,Contratado,No,2021-05-28,2021-05-25,1.Oferta del Proveedor Identificado 2.Declaración Jurada del Proveedor 3.Contrato/Orden de Compra/Orden de Servicio 4.Acta o informe de recepcion definitiva,1.FORM 110 2.FORM 220 3.FORM 500,https://www.sicoes.gob.bo/portal/contrataciones/ficha/fichaProceso.php?cp=21-0423-00-1140341-1-1,Erick Jurgen Vargas Ortiz (Telf: 2916539),NA,NA,-,NA,NA,La Paz,NB-SABS (D.S.0181),1,4111612,34200,Kits o suministros para pruebas de inmunología o serología - PRUEBA RAPIDA DE ANTIGENO NASAL PARA COVID-19,TACOS,500,72,NA,NA,NA,NA,500,28,NA,Contratado,Cronograma 0
21-0417-04-1138100-2-1,Caja Nacional De Salud Regional Cochabamba,Bienes,ANPE,Helicobacter Pilory Antigeno En Heces Elisa X 96 Determinaciones,Contratado,Si,2021-05-31,2021-05-25,1.Convocatoria 2.Documento Base de Contratacion 3.Acta de Apertura 4.Informe de la Comision/Responsable de Evaluacion 5.Res. de Adjudicacion (nota) 6.Contrato/Orden de Compra/Orden de Servicio 7.Acta o informe de recepcion definitiva,1.FORM 100 2.FORM 170 3.FORM 200 4.FORM 500,https://www.sicoes.gob.bo/portal/contrataciones/ficha/fichaProceso.php?cp=21-0417-04-1138100-2-1,Marcela Katherine Valdivia Humerez (Telf: 4234378),NA,NA,-,NA,NA,Cochabamba,NB-SABS (D.S.0181),NA,NA,NA,NA,NA,NA,NA,NA,NA,NA,NA,NA,NA,NA,NA,NA
21-0417-09-1140830-1-1,Caja Nacional De Salud - Regional La Paz,Bienes,ANPE,7 Items. Productos Quimicos Y Farmaceuticos. 10 Caja. Antigeno De La Superficie Del Virus De La Hepatitis B; 10 Caja. Anticuerpos Anti Antigeno De Superficie; 10 Caja. Anticuerpos Anti Core Totales Del Virus De La Hepatitis B; 10 Caja. Anticuerpos Anti Core Igm Del Virus De La Hepatitis B; 10 Caja. Antigeno E Del Virus De La Hepatitis B; 10 Caja. Antigeno Anti Antigeno E Del Virus De La Hepatitis B; 10 Caja. Hiv Eia,Contratado,Si,2021-06-01,2021-05-26,1.Documento Base de Contratacion 2.Convocatoria 3.Acta de Apertura 4.Res. de Adjudicacion (nota) 5.Informe de la Comision/Responsable de Evaluacion 6.Contrato/Orden de Compra/Orden de Servicio 7.Acta o informe de recepcion definitiva,1.FORM 100 2.FORM 170 3.FORM 200 4.FORM 500,https://www.sicoes.gob.bo/portal/contrataciones/ficha/fichaProceso.php?cp=21-0417-09-1140830-1-1,Jose Luis Peralta Rocha (Telf: 2-901777),NA,NA,-,NA,NA,La Paz,NB-SABS (D.S.0181),1,4120203,34200,Hepatitis a virus (hav) análisis serológicos - ANTIGENO DE LA SUPERFICIE DEL VIRUS DE LA HEPATITIS B,caja,NA,NA,NA,ICERLAB SRL.,NA,NA,NA,NA,NA,Contratado,NA
21-0417-09-1140830-1-1,Caja Nacional De Salud - Regional La Paz,Bienes,ANPE,7 Items. Productos Quimicos Y Farmaceuticos. 10 Caja. Antigeno De La Superficie Del Virus De La Hepatitis B; 10 Caja. Anticuerpos Anti Antigeno De Superficie; 10 Caja. Anticuerpos Anti Core Totales Del Virus De La Hepatitis B; 10 Caja. Anticuerpos Anti Core Igm Del Virus De La Hepatitis B; 10 Caja. Antigeno E Del Virus De La Hepatitis B; 10 Caja. Antigeno Anti Antigeno E Del Virus De La Hepatitis B; 10 Caja. Hiv Eia,Contratado,Si,2021-06-01,2021-05-26,1.Documento Base de Contratacion 2.Convocatoria 3.Acta de Apertura 4.Res. de Adjudicacion (nota) 5.Informe de la Comision/Responsable de Evaluacion 6.Contrato/Orden de Compra/Orden de Servicio 7.Acta o informe de recepcion definitiva,1.FORM 100 2.FORM 170 3.FORM 200 4.FORM 500,https://www.sicoes.gob.bo/portal/contrataciones/ficha/fichaProceso.php?cp=21-0417-09-1140830-1-1,Jose Luis Peralta Rocha (Telf: 2-901777),NA,NA,-,NA,NA,La Paz,NB-SABS (D.S.0181),2,4111601,34200,Reactivos o anticuerpos analizadores de citometría de flujo - ANTICUERPOS ANTI ANTIGENO DE SUPERFICIE,caja,NA,NA,NA,ICERLAB SRL.,NA,NA,NA,NA,NA,Contratado,NA
21-0417-09-1140830-1-1,Caja Nacional De Salud - Regional La Paz,Bienes,ANPE,7 Items. Productos Quimicos Y Farmaceuticos. 10 Caja. Antigeno De La Superficie Del Virus De La Hepatitis B; 10 Caja. Anticuerpos Anti Antigeno De Superficie; 10 Caja. Anticuerpos Anti Core Totales Del Virus De La Hepatitis B; 10 Caja. Anticuerpos Anti Core Igm Del Virus De La Hepatitis B; 10 Caja. Antigeno E Del Virus De La Hepatitis B; 10 Caja. Antigeno Anti Antigeno E Del Virus De La Hepatitis B; 10 Caja. Hiv Eia,Contratado,Si,2021-06-01,2021-05-26,1.Documento Base de Contratacion 2.Convocatoria 3.Acta de Apertura 4.Res. de Adjudicacion (nota) 5.Informe de la Comision/Responsable de Evaluacion 6.Contrato/Orden de Compra/Orden de Servicio 7.Acta o informe de recepcion definitiva,1.FORM 100 2.FORM 170 3.FORM 200 4.FORM 500,https://www.sicoes.gob.bo/portal/contrataciones/ficha/fichaProceso.php?cp=21-0417-09-1140830-1-1,Jose Luis Peralta Rocha (Telf: 2-901777),NA,NA,-,NA,NA,La Paz,NB-SABS (D.S.0181),3,4120203,34200,Hepatitis a virus (hav) análisis serológicos - ANTIGENO E DEL VIRUS DE LA HEPATITIS B,caja,NA,NA,NA,ICERLAB SRL.,NA,NA,NA,NA,NA,Contratado,NA
21-0417-09-1140830-1-1,Caja Nacional De Salud - Regional La Paz,Bienes,ANPE,7 Items. Productos Quimicos Y Farmaceuticos. 10 Caja. Antigeno De La Superficie Del Virus De La Hepatitis B; 10 Caja. Anticuerpos Anti Antigeno De Superficie; 10 Caja. Anticuerpos Anti Core Totales Del Virus De La Hepatitis B; 10 Caja. Anticuerpos Anti Core Igm Del Virus De La Hepatitis B; 10 Caja. Antigeno E Del Virus De La Hepatitis B; 10 Caja. Antigeno Anti Antigeno E Del Virus De La Hepatitis B; 10 Caja. Hiv Eia,Contratado,Si,2021-06-01,2021-05-26,1.Documento Base de Contratacion 2.Convocatoria 3.Acta de Apertura 4.Res. de Adjudicacion (nota) 5.Informe de la Comision/Responsable de Evaluacion 6.Contrato/Orden de Compra/Orden de Servicio 7.Acta o informe de recepcion definitiva,1.FORM 100 2.FORM 170 3.FORM 200 4.FORM 500,https://www.sicoes.gob.bo/portal/contrataciones/ficha/fichaProceso.php?cp=21-0417-09-1140830-1-1,Jose Luis Peralta Rocha (Telf: 2-901777),NA,NA,-,NA,NA,La Paz,NB-SABS (D.S.0181),4,4120203,34200,Hepatitis a virus (hav) análisis serológicos - ANTICUERPOS ANTI CORE IGM DEL VIRUS DE LA HEPATITIS B,caja,NA,NA,NA,ICERLAB SRL.,NA,NA,NA,NA,NA,Contratado,NA
21-0417-09-1140830-1-1,Caja Nacional De Salud - Regional La Paz,Bienes,ANPE,7 Items. Productos Quimicos Y Farmaceuticos. 10 Caja. Antigeno De La Superficie Del Virus De La Hepatitis B; 10 Caja. Anticuerpos Anti Antigeno De Superficie; 10 Caja. Anticuerpos Anti Core Totales Del Virus De La Hepatitis B; 10 Caja. Anticuerpos Anti Core Igm Del Virus De La Hepatitis B; 10 Caja. Antigeno E Del Virus De La Hepatitis B; 10 Caja. Antigeno Anti Antigeno E Del Virus De La Hepatitis B; 10 Caja. Hiv Eia,Contratado,Si,2021-06-01,2021-05-26,1.Documento Base de Contratacion 2.Convocatoria 3.Acta de Apertura 4.Res. de Adjudicacion (nota) 5.Informe de la Comision/Responsable de Evaluacion 6.Contrato/Orden de Compra/Orden de Servicio 7.Acta o informe de recepcion definitiva,1.FORM 100 2.FORM 170 3.FORM 200 4.FORM 500,https://www.sicoes.gob.bo/portal/contrataciones/ficha/fichaProceso.php?cp=21-0417-09-1140830-1-1,Jose Luis Peralta Rocha (Telf: 2-901777),NA,NA,-,NA,NA,La Paz,NB-SABS (D.S.0181),5,4111615,34200,Kit ELISA de ensayo inmunosorbente ligado a enzimas - HIV EIA,caja,NA,NA,NA,ICERLAB SRL.,NA,NA,NA,NA,NA,Contratado,NA
21-0417-09-1140830-1-1,Caja Nacional De Salud - Regional La Paz,Bienes,ANPE,7 Items. Productos Quimicos Y Farmaceuticos. 10 Caja. Antigeno De La Superficie Del Virus De La Hepatitis B; 10 Caja. Anticuerpos Anti Antigeno De Superficie; 10 Caja. Anticuerpos Anti Core Totales Del Virus De La Hepatitis B; 10 Caja. Anticuerpos Anti Core Igm Del Virus De La Hepatitis B; 10 Caja. Antigeno E Del Virus De La Hepatitis B; 10 Caja. Antigeno Anti Antigeno E Del Virus De La Hepatitis B; 10 Caja. Hiv Eia,Contratado,Si,2021-06-01,2021-05-26,1.Documento Base de Contratacion 2.Convocatoria 3.Acta de Apertura 4.Res. de Adjudicacion (nota) 5.Informe de la Comision/Responsable de Evaluacion 6.Contrato/Orden de Compra/Orden de Servicio 7.Acta o informe de recepcion definitiva,1.FORM 100 2.FORM 170 3.FORM 200 4.FORM 500,https://www.sicoes.gob.bo/portal/contrataciones/ficha/fichaProceso.php?cp=21-0417-09-1140830-1-1,Jose Luis Peralta Rocha (Telf: 2-901777),NA,NA,-,NA,NA,La Paz,NB-SABS (D.S.0181),6,4120203,34200,Hepatitis a virus (hav) análisis serológicos - ANTIGENO ANTI ANTIGENO E DEL VIRUS DE LA HEPATITIS B,caja,NA,NA,NA,ICERLAB SRL.,NA,NA,NA,NA,NA,Contratado,NA
21-0417-09-1140830-1-1,Caja Nacional De Salud - Regional La Paz,Bienes,ANPE,7 Items. Productos Quimicos Y Farmaceuticos. 10 Caja. Antigeno De La Superficie Del Virus De La Hepatitis B; 10 Caja. Anticuerpos Anti Antigeno De Superficie; 10 Caja. Anticuerpos Anti Core Totales Del Virus De La Hepatitis B; 10 Caja. Anticuerpos Anti Core Igm Del Virus De La Hepatitis B; 10 Caja. Antigeno E Del Virus De La Hepatitis B; 10 Caja. Antigeno Anti Antigeno E Del Virus De La Hepatitis B; 10 Caja. Hiv Eia,Contratado,Si,2021-06-01,2021-05-26,1.Documento Base de Contratacion 2.Convocatoria 3.Acta de Apertura 4.Res. de Adjudicacion (nota) 5.Informe de la Comision/Responsable de Evaluacion 6.Contrato/Orden de Compra/Orden de Servicio 7.Acta o informe de recepcion definitiva,1.FORM 100 2.FORM 170 3.FORM 200 4.FORM 500,https://www.sicoes.gob.bo/portal/contrataciones/ficha/fichaProceso.php?cp=21-0417-09-1140830-1-1,Jose Luis Peralta Rocha (Telf: 2-901777),NA,NA,-,NA,NA,La Paz,NB-SABS (D.S.0181),7,4120203,34200,Hepatitis a virus (hav) análisis serológicos - ANTICUERPOS ANTI CORE TOTALES DEL VIRUS DE LA HEPATITIS B,caja,NA,NA,NA,ICERLAB SRL.,NA,NA,NA,NA,NA,Contratado,NA
21-1601-00-1135677-2-1,Gobierno Autonomo Municipal De Tarija,Bienes,ANPP,Adquisicion De Pruebas Rapidas Hisopado Antigeno Nasal Para Puestos Fijos De Rastrillaje Por Covid-19,Contratado,Si,2021-06-16,2021-06-04,1.Documento Base de Contratacion 2.Convocatoria 3.Res. de Adjudicacion (nota) 4.Informe de la Comision/Responsable de Evaluacion 5.Contrato/Orden de Compra/Orden de Servicio 6.Acta o informe de recepcion definitiva,1.FORM 100 2.FORM 170 3.FORM 200 4.FORM 500,https://www.sicoes.gob.bo/portal/contrataciones/ficha/fichaProceso.php?cp=21-1601-00-1135677-2-1,Shirley Margarzo Romero (Telf: 6643211 - 6643216),NA,NA,-,NA,NA,Tarija,NB-SABS (D.S.0181),1,5120160,34200,Antígeno de ántrax - PRUEBAS RAPIDAS HISOPADO ANTIGENO NASAL - SARS COV2,UNID.,NA,65,NA,LESO ANALITICO S.R.L.,50,NA,NA,50,NA,Contratado,Cronograma 0
21-0902-44-1143823-1-1,Banco De Sangre De Referencia Departamental De La Paz - Hemocentro,Bienes,ANPE,Reactivo Elisa De Cuarta Generacion Para La Deteccion De Antigeno Y Anticuerpos Contra El Vih,Contratado,No,2021-06-22,2021-06-14,1.Documento Base de Contratacion 2.Convocatoria 3.Res. de Adjudicacion (nota) 4.Informe de la Comision/Responsable de Evaluacion 5.Contrato/Orden de Compra/Orden de Servicio 6.Acta o informe de recepcion definitiva,1.FORM 100 2.FORM 170 3.FORM 200 4.FORM 500,https://www.sicoes.gob.bo/portal/contrataciones/ficha/fichaProceso.php?cp=21-0902-44-1143823-1-1,Hugo  Quispe  Limachi  (Telf: ),NA,NA,-,NA,NA,La Paz,NB-SABS (D.S.0181),NA,NA,NA,NA,NA,NA,NA,NA,NA,NA,NA,NA,NA,NA,NA,NA
21-0417-04-1137895-1-2,Caja Nacional De Salud Regional Cochabamba,Bienes,ANPE,Giardia Antigeno En Heces Elisa X 96 Determinaciones,Contratado,Si,2021-06-22,2021-06-15,1.Convocatoria 2.Documento Base de Contratacion 3.Acta de Apertura 4.Informe de la Comision/Responsable de Evaluacion 5.Res. de Adjudicacion (nota) 6.Contrato/Orden de Compra/Orden de Servicio 7.Acta o informe de recepcion definitiva,1.FORM 100 2.FORM 170 3.FORM 200 4.FORM 500,https://www.sicoes.gob.bo/portal/contrataciones/ficha/fichaProceso.php?cp=21-0417-04-1137895-1-2,Marcela Katherine Valdivia Humerez (Telf: 4234378),NA,NA,-,NA,NA,Cochabamba,NB-SABS (D.S.0181),NA,NA,NA,NA,NA,NA,NA,NA,NA,NA,NA,NA,NA,NA,NA,NA
21-1101-00-1143666-1-1,Gobierno Autonomo Municipal De Sucre,Bienes,CM,Antigeno Para Covid-19 (Prueba Rapida) (Nasofaringeo) (Cassete * Tubo Con Doble Tapa * Hisopo Nasal* Solucion Tampon Un Frasco Para 25 Test) 2021-01149,Contratado,No,2021-06-22,2021-06-15,1.Declaración Jurada del Proveedor 2.Oferta del Proveedor Identificado 3.Contrato/Orden de Compra/Orden de Servicio 4.Acta o informe de recepcion definitiva,1.FORM 110 2.FORM 220 3.FORM 500,https://www.sicoes.gob.bo/portal/contrataciones/ficha/fichaProceso.php?cp=21-1101-00-1143666-1-1,Juan Carlos Peterito Medrano (Telf: 6451008 - 6434770),NA,NA,-,NA,NA,Chuquisaca,NB-SABS (D.S.0181),1,4111620,34200,Kits de pruebas rápidas - Antigeno Para Covid-19 (Prueba Rapida) (Nasofaringeo) (Cassete * Tubo Con Doble Tapa * Hisopo Nasal* Solucion Tampon Un Frasco Para 25 Test) 2021-01149,c/u,625,80,NA,NA,NA,NA,625,80,NA,Contratado,Cronograma 0
21-0047-15-1145901-1-1,Servicio Nacional De Sanidad Agropecuaria E Inocuidad Alimentaria Senasag,Bienes,ANPP,Adquisición De Kits De Elisa Y Antigenos Para Pruebas Rapidas Del Area De Serologia Del Laboratorio De Sanidad Animal - Unalab Cbba',Contratado,No,2021-07-07,2021-06-25,1.Convocatoria 2.Documento Base de Contratacion 3.Informe de la Comision/Responsable de Evaluacion 4.Res. de Adjudicacion (nota) 5.Contrato/Orden de Compra/Orden de Servicio 6.Acta o informe de recepcion definitiva,1.FORM 100 2.FORM 170 3.FORM 200 4.FORM 500,https://www.sicoes.gob.bo/portal/contrataciones/ficha/fichaProceso.php?cp=21-0047-15-1145901-1-1,Lilian Arias Navala (Telf: 3-46281085),NA,NA,-,NA,NA,Beni,NB-SABS (D.S.0181),NA,NA,NA,NA,NA,NA,NA,NA,NA,NA,NA,NA,NA,NA,NA,NA
21-1514-00-1148092-1-1,Gobierno Autonomo Municipal De Ocuri,Bienes,CM,Servicios De Salud Universal Y Gratuita - Sus (Compra De Test De Antigeno Nasal),Contratado,No,2021-07-08,2021-07-05,1.Declaración Jurada del Proveedor 2.Oferta del Proveedor Identificado 3.Contrato/Orden de Compra/Orden de Servicio 4.Acta o informe de recepcion definitiva,1.FORM 110 2.FORM 220 3.FORM 500,https://www.sicoes.gob.bo/portal/contrataciones/ficha/fichaProceso.php?cp=21-1514-00-1148092-1-1,Norma Caizari Yapura (Telf: 74259994),NA,NA,-,NA,NA,Potosi,NB-SABS (D.S.0181),1,4111614,34200,Kits o suministros para pruebas de virología - PRODUCTOS QUIMICOS Y FARMACEUTICOS,CAJAS,NA,NA,NA,NA,NA,NA,NA,NA,NA,Contratado,Cronograma 0
21-1706-00-1150538-1-1,Gobierno Autonomo Municipal De Warnes,Bienes,CD,Adquisicion De Pruebas Rapidas De Diagnostico Para La Deteccion De Antigeno Nasal Y Medios De Transporte De Sars Cov-2 En Los Establecimientos De Salud Del Municpio De Warnes,Contratado,No,2021-07-20,2021-07-15,1.Declaración Jurada del Proveedor 2.Oferta del Proveedor Identificado 3.Contrato/Orden de Compra/Orden de Servicio 4.Acta o informe de recepcion definitiva,1.FORM 110 2.FORM 220 3.FORM 500,https://www.sicoes.gob.bo/portal/contrataciones/ficha/fichaProceso.php?cp=21-1706-00-1150538-1-1,Felix Rolando Cabrera Padilla (Telf: 923-2055),NA,NA,-,NA,NA,Santa Cruz,D.S. 4174 (COVID-19),1,4111620,34200,Kits de pruebas rápidas - PRUEBAS RAPIDAS DE DIAGNOSTICO PARA DETECCION DEL ANTIGENO DEL SARS-COV-2,UNIDAD,NA,29.5,NA,NA,NA,NA,NA,27.5,NA,Contratado,Cronograma 0
21-1706-00-1150538-1-1,Gobierno Autonomo Municipal De Warnes,Bienes,CD,Adquisicion De Pruebas Rapidas De Diagnostico Para La Deteccion De Antigeno Nasal Y Medios De Transporte De Sars Cov-2 En Los Establecimientos De Salud Del Municpio De Warnes,Contratado,No,2021-07-20,2021-07-15,1.Declaración Jurada del Proveedor 2.Oferta del Proveedor Identificado 3.Contrato/Orden de Compra/Orden de Servicio 4.Acta o informe de recepcion definitiva,1.FORM 110 2.FORM 220 3.FORM 500,https://www.sicoes.gob.bo/portal/contrataciones/ficha/fichaProceso.php?cp=21-1706-00-1150538-1-1,Felix Rolando Cabrera Padilla (Telf: 923-2055),NA,NA,-,NA,NA,Santa Cruz,D.S. 4174 (COVID-19),2,4110411,34200,Kits o contenedores de recolección de citologías - MEDIOS DE TRANSPORTE PARA PRUEBA DE ANTIGENO,UNIDAD,NA,20,NA,NA,NA,NA,NA,9.7,NA,Contratado,Cronograma 0
21-0417-04-1138754-1-2,Caja Nacional De Salud Regional Cochabamba,Bienes,ANPE,Hepatitis B Antigeno De Superficie Elisa X 96 Determinaciones,Contratado,Si,2021-07-26,2021-07-20,1.Convocatoria 2.Documento Base de Contratacion 3.Acta de Apertura 4.Res. de Adjudicacion (nota) 5.Informe de la Comision/Responsable de Evaluacion 6.Contrato/Orden de Compra/Orden de Servicio 7.Acta o informe de recepcion definitiva,1.FORM 100 2.FORM 170 3.FORM 200 4.FORM 500,https://www.sicoes.gob.bo/portal/contrataciones/ficha/fichaProceso.php?cp=21-0417-04-1138754-1-2,Marcela Katherine Valdivia Humerez (Telf: 4234378),NA,NA,-,NA,NA,Cochabamba,NB-SABS (D.S.0181),NA,NA,NA,NA,NA,NA,NA,NA,NA,NA,NA,NA,NA,NA,NA,NA
21-0047-15-1145901-2-1,Servicio Nacional De Sanidad Agropecuaria E Inocuidad Alimentaria Senasag,Bienes,ANPP,Adquisición De Kits De Elisa Y Antigenos Para Pruebas Rapidas Del Area De Serologia Del Laboratorio De Sanidad Animal - Unalab Cbba',Contratado,No,2021-08-03,2021-07-22,1.Documento Base de Contratacion 2.Convocatoria 3.Acta de Apertura 4.Informe de la Comision/Responsable de Evaluacion 5.Res. de Adjudicacion (nota) 6.Contrato/Orden de Compra/Orden de Servicio 7.Contrato/Orden de Compra/Orden de Servicio 8.Acta o informe de recepcion definitiva 9.Ver mas...,1.FORM 100 2.FORM 170 3.FORM 200 4.FORM 500,https://www.sicoes.gob.bo/portal/contrataciones/ficha/fichaProceso.php?cp=21-0047-15-1145901-2-1,Lilian Arias Navala (Telf: 3-46281085),NA,NA,-,NA,NA,Beni,NB-SABS (D.S.0181),NA,NA,NA,NA,NA,NA,NA,NA,NA,NA,NA,NA,NA,NA,NA,NA
21-0417-06-1122867-1-3,Caja Nacional De Salud (Regional Chuquisaca),Bienes,ANPP,Pruebas Rapidas Para Antigeno Viral Para Covid 19 X 25 Det.,Contratado,Si,2021-08-19,2021-08-04,1.Documento Base de Contratacion 2.Convocatoria 3.Informe de la Comision/Responsable de Evaluacion 4.Res. de Adjudicacion (nota) 5.Acta de Apertura 6.Contrato/Orden de Compra/Orden de Servicio 7.Acta o informe de recepcion definitiva,1.FORM 100 2.FORM 170 3.FORM 200 4.FORM 500,https://www.sicoes.gob.bo/portal/contrataciones/ficha/fichaProceso.php?cp=21-0417-06-1122867-1-3,Marvelia Canaviri Martinez (Telf: 6461501),NA,NA,-,NA,NA,Chuquisaca,NB-SABS (D.S.0181),1,5120160,34200,Antígeno de ántrax - prueba rapidas de antigeno viral para covid 19x25 det.,caja,110,NA,NA,ESTRATEGIAS Y SERVICIOS EMPRESARIALES S.R.L.,525,NA,110,525,NA,Contratado,Cronograma 0
21-0047-15-1154926-1-1,Servicio Nacional De Sanidad Agropecuaria E Inocuidad Alimentaria Senasag,Bienes,CM,Adquisicion De Antigeno Pouquier Para Prueba De Rosa De Bengala (Rtb) Y Control Real Pcr Positive Para El Uso Del Laboratorio Unalab Santa Cruz,Contratado,No,2021-08-13,2021-08-10,1.Declaración Jurada del Proveedor 2.Oferta del Proveedor Identificado 3.Contrato/Orden de Compra/Orden de Servicio 4.Acta o informe de recepcion definitiva,1.FORM 110 2.FORM 220 3.FORM 500,https://www.sicoes.gob.bo/portal/contrataciones/ficha/fichaProceso.php?cp=21-0047-15-1154926-1-1,Ada Sheyla Hinojosa Balboa (Telf: 3-46281085),NA,NA,-,NA,NA,Beni,NB-SABS (D.S.0181),NA,NA,NA,NA,NA,NA,NA,NA,NA,NA,NA,NA,NA,NA,NA,NA
21-0423-00-1157062-1-1,Caja De Salud De Caminos Y Ramas Anexas,Bienes,ANPE,Compra De Pruebas Rapida Covid - 19 Ag Antigeno Regional La Paz,Contratado,Si,2021-08-25,2021-08-19,1.Documento Base de Contratacion 2.Convocatoria 3.Informe de la Comision/Responsable de Evaluacion 4.Res. de Adjudicacion (nota) 5.Contrato/Orden de Compra/Orden de Servicio 6.Acta o informe de recepcion definitiva,1.FORM 100 2.FORM 170 3.FORM 200 4.FORM 500,https://www.sicoes.gob.bo/portal/contrataciones/ficha/fichaProceso.php?cp=21-0423-00-1157062-1-1,Sergio Arturo Saenz Lanza (Telf: 2916539),NA,NA,-,NA,NA,La Paz,NB-SABS (D.S.0181),1,4111620,43400,Kits de pruebas rápidas - COMPRA DE PRUEBAS RAPIDA COVID - 19 AG ANTIGENO,UNIDAD,NA,28,NA,INSUMOS DE VIDA S.R.L.,27.8,NA,NA,27.8,NA,Contratado,Cronograma 0
21-0417-04-1155709-2-1,Caja Nacional De Salud Regional Cochabamba,Bienes,ANPE,Antigeno Sars Cov 2 Prueba Rapida Por Inmunocromatografia,Contratado,Si,2021-08-27,2021-08-23,1.Documento Base de Contratacion 2.Convocatoria 3.Acta de Apertura 4.Informe de la Comision/Responsable de Evaluacion 5.Res. de Adjudicacion (nota) 6.Contrato/Orden de Compra/Orden de Servicio 7.Acta o informe de recepcion definitiva,1.FORM 100 2.FORM 170 3.FORM 200 4.FORM 500,https://www.sicoes.gob.bo/portal/contrataciones/ficha/fichaProceso.php?cp=21-0417-04-1155709-2-1,Marcela Katherine Valdivia Humerez (Telf: 4234378),NA,NA,-,NA,NA,Cochabamba,NB-SABS (D.S.0181),NA,NA,NA,NA,NA,NA,NA,NA,NA,NA,NA,NA,NA,NA,NA,NA
21-0423-00-1158315-1-1,Caja De Salud De Caminos Y Ramas Anexas,Bienes,CM,Compra De Pruebas Rapidas De Antigeno Nasal Etapa Ii Para Covid-19 - Regional Cochabamba,Contratado,No,2021-08-30,2021-08-25,1.Oferta del Proveedor Identificado 2.Declaración Jurada del Proveedor 3.Contrato/Orden de Compra/Orden de Servicio 4.Acta o informe de recepcion definitiva,1.FORM 110 2.FORM 220 3.FORM 500,https://www.sicoes.gob.bo/portal/contrataciones/ficha/fichaProceso.php?cp=21-0423-00-1158315-1-1,Erick Jurgen Vargas Ortiz (Telf: 2916539),NA,NA,-,NA,NA,La Paz,NB-SABS (D.S.0181),1,4111612,34200,Kits o suministros para pruebas de inmunología o serología - PRUEBAS RAPIDAS PARA ANTIGENO NASAL PARA COVID -19,PZA,NA,NA,NA,NA,NA,NA,NA,NA,NA,Contratado,Cronograma 0
21-0902-44-1164508-1-1,Banco De Sangre De Referencia Departamental De La Paz - Hemocentro,Bienes,ANPE,Reactivo Elisa De Cuarta Generacion Para La Deteccion De Antigeno Y Anticuerpos Contra El Vih,Contratado,No,2021-10-01,2021-09-24,1.Documento Base de Contratacion 2.Convocatoria 3.Informe de la Comision/Responsable de Evaluacion 4.Res. de Adjudicacion (nota) 5.Contrato/Orden de Compra/Orden de Servicio 6.Acta o informe de recepcion definitiva,1.FORM 100 2.FORM 170 3.FORM 200 4.FORM 500,https://www.sicoes.gob.bo/portal/contrataciones/ficha/fichaProceso.php?cp=21-0902-44-1164508-1-1,Hugo  Quispe  Limachi  (Telf: ),NA,NA,-,NA,NA,La Paz,NB-SABS (D.S.0181),NA,NA,NA,NA,NA,NA,NA,NA,NA,NA,NA,NA,NA,NA,NA,NA
21-0902-44-1165517-1-1,Banco De Sangre De Referencia Departamental De La Paz - Hemocentro,Bienes,ANPE,Reactivo Para La  Deteccion De Anticuerpos Anti Hcv Y Antigeno Viral Del Virus De La Hepatitis  C  En Suero Humano Mediante La Tecnica Elisa,Contratado,No,2021-10-06,2021-09-29,1.Documento Base de Contratacion 2.Convocatoria 3.Informe de la Comision/Responsable de Evaluacion 4.Res. de Adjudicacion (nota) 5.Contrato/Orden de Compra/Orden de Servicio 6.Acta o informe de recepcion definitiva,1.FORM 100 2.FORM 170 3.FORM 200 4.FORM 500,https://www.sicoes.gob.bo/portal/contrataciones/ficha/fichaProceso.php?cp=21-0902-44-1165517-1-1,Hugo  Quispe  Limachi  (Telf: ),NA,NA,-,NA,NA,La Paz,NB-SABS (D.S.0181),NA,NA,NA,NA,NA,NA,NA,NA,NA,NA,NA,NA,NA,NA,NA,NA
21-0417-03-1168851-1-1,Caja Nacional De Salud Regional Santa Cruz,Bienes,CM,52 Caja Hepatitis B Elisa Antigeno De Superficie X 96 Det. Supervision Regional De Laboratorio,Contratado,No,2021-10-18,2021-10-14,1.Oferta del Proveedor Identificado 2.Declaración Jurada del Proveedor 3.Contrato/Orden de Compra/Orden de Servicio 4.Acta o informe de recepcion definitiva,1.FORM 110 2.FORM 220 3.FORM 500,https://www.sicoes.gob.bo/portal/contrataciones/ficha/fichaProceso.php?cp=21-0417-03-1168851-1-1,Victor Hugo Sejas Alpiri (Telf: 3393354),NA,NA,-,NA,NA,Santa Cruz,NB-SABS (D.S.0181),NA,NA,NA,NA,NA,NA,NA,NA,NA,NA,NA,NA,NA,NA,NA,NA
21-0047-15-1174613-1-1,Servicio Nacional De Sanidad Agropecuaria E Inocuidad Alimentaria Senasag,Bienes,CM,"Adquisicion De Antigeno Mycoplasma Sinoviae, Mycoplama Gallisepticum Para Uso Del Laboratorio Unalab Santa Cruz",Contratado,No,2021-11-11,2021-11-08,1.Oferta del Proveedor Identificado 2.Declaración Jurada del Proveedor 3.Contrato/Orden de Compra/Orden de Servicio 4.Acta o informe de recepcion definitiva,1.FORM 110 2.FORM 220 3.FORM 500,https://www.sicoes.gob.bo/portal/contrataciones/ficha/fichaProceso.php?cp=21-0047-15-1174613-1-1,Jackeline Fernandez Lino (Telf: 3-46281085),NA,NA,-,NA,NA,Beni,NB-SABS (D.S.0181),NA,NA,NA,NA,NA,NA,NA,NA,NA,NA,NA,NA,NA,NA,NA,NA
21-0902-40-1177375-1-1,"Hospital Del Niño  Dr. Ovidio Aliaga Uria""""",Bienes,CM,Adquisicion Prueba Rapida Sars - Conv2 Antigeno,Contratado,No,2021-11-22,2021-11-17,1.Oferta del Proveedor Identificado 2.Declaración Jurada del Proveedor 3.Contrato/Orden de Compra/Orden de Servicio 4.Acta o informe de recepcion definitiva,1.FORM 110 2.FORM 220 3.FORM 500,https://www.sicoes.gob.bo/portal/contrataciones/ficha/fichaProceso.php?cp=21-0902-40-1177375-1-1,Ruth Gloria Quenallata Chino (Telf: 2205060),NA,NA,-,NA,NA,La Paz,NB-SABS (D.S.0181),NA,NA,NA,NA,NA,NA,NA,NA,NA,NA,NA,NA,NA,NA,NA,NA
21-0417-04-1178091-1-1,Caja Nacional De Salud Regional Cochabamba,Bienes,ANPE,Antigeno Sars Cov 2 Prueba Rapida Por Inmunocromatografia,Contratado,Si,2021-11-24,2021-11-18,1.Documento Base de Contratacion 2.Convocatoria 3.Res. de Adjudicacion (nota) 4.Informe de la Comision/Responsable de Evaluacion 5.Contrato/Orden de Compra/Orden de Servicio 6.Acta o informe de recepcion definitiva,1.FORM 100 2.FORM 170 3.FORM 200 4.FORM 500,https://www.sicoes.gob.bo/portal/contrataciones/ficha/fichaProceso.php?cp=21-0417-04-1178091-1-1,Boris Javier Alarcon Hinojosa (Telf: 4234378),NA,NA,-,NA,NA,Cochabamba,NB-SABS (D.S.0181),NA,NA,NA,NA,NA,NA,NA,NA,NA,NA,NA,NA,NA,NA,NA,NA
21-0903-13-1177480-1-1,Banco De Sangre De Referencia Departamental Cochabamba,Bienes,ANPP,Reactivos Para Deteccion De Antigenos Por El Metodo De Quimioluminiscencia,Contratado,No,2021-12-03,2021-11-22,1.Documento Base de Contratacion 2.Convocatoria 3.Acta de Apertura 4.Informe de la Comision/Responsable de Evaluacion 5.Res. de Adjudicacion (nota) 6.Contrato/Orden de Compra/Orden de Servicio 7.Acta o informe de recepcion definitiva,1.FORM 100 2.FORM 170 3.FORM 200 4.FORM 500,https://www.sicoes.gob.bo/portal/contrataciones/ficha/fichaProceso.php?cp=21-0903-13-1177480-1-1,Sheril Ximena Lopez Gadella (Telf: 4532200),NA,NA,-,NA,NA,Cochabamba,NB-SABS (D.S.0181),1,4111610,34200,Reactivos o soluciones de bancos de sangre - LIGHT CHECK (CONTROL DE LUZ),CAJA,2,392,784,NA,NA,NA,NA,NA,NA,Las propuestas no cumplieron aspectos tecnicos/admini strativos,NA
21-0903-13-1177480-1-1,Banco De Sangre De Referencia Departamental Cochabamba,Bienes,ANPP,Reactivos Para Deteccion De Antigenos Por El Metodo De Quimioluminiscencia,Contratado,No,2021-12-03,2021-11-22,1.Documento Base de Contratacion 2.Convocatoria 3.Acta de Apertura 4.Informe de la Comision/Responsable de Evaluacion 5.Res. de Adjudicacion (nota) 6.Contrato/Orden de Compra/Orden de Servicio 7.Acta o informe de recepcion definitiva,1.FORM 100 2.FORM 170 3.FORM 200 4.FORM 500,https://www.sicoes.gob.bo/portal/contrataciones/ficha/fichaProceso.php?cp=21-0903-13-1177480-1-1,Sheril Ximena Lopez Gadella (Telf: 4532200),NA,NA,-,NA,NA,Cochabamba,NB-SABS (D.S.0181),2,4111610,34200,Reactivos o soluciones de bancos de sangre - REACTIVO PARA DETECCION DE ANTIGENO SIFILIS POR EL METODO DE QUIMIOLUMINISCENCIA,KIT,50,NA,NA,VALDES MORALES ROBERTO EFRAIN,NA,NA,50,NA,NA,Contratado,NA
21-0903-13-1177480-1-1,Banco De Sangre De Referencia Departamental Cochabamba,Bienes,ANPP,Reactivos Para Deteccion De Antigenos Por El Metodo De Quimioluminiscencia,Contratado,No,2021-12-03,2021-11-22,1.Documento Base de Contratacion 2.Convocatoria 3.Acta de Apertura 4.Informe de la Comision/Responsable de Evaluacion 5.Res. de Adjudicacion (nota) 6.Contrato/Orden de Compra/Orden de Servicio 7.Acta o informe de recepcion definitiva,1.FORM 100 2.FORM 170 3.FORM 200 4.FORM 500,https://www.sicoes.gob.bo/portal/contrataciones/ficha/fichaProceso.php?cp=21-0903-13-1177480-1-1,Sheril Ximena Lopez Gadella (Telf: 4532200),NA,NA,-,NA,NA,Cochabamba,NB-SABS (D.S.0181),3,4111610,34200,Reactivos o soluciones de bancos de sangre - REACTIVO PARA DETECCION DE ANTIGENO HIV AB-AC POR EL METODO DE QUIMIOLUMINISCENCIA,KIT,50,NA,NA,VALDES MORALES ROBERTO EFRAIN,NA,NA,50,NA,NA,Contratado,NA
21-0903-13-1177480-1-1,Banco De Sangre De Referencia Departamental Cochabamba,Bienes,ANPP,Reactivos Para Deteccion De Antigenos Por El Metodo De Quimioluminiscencia,Contratado,No,2021-12-03,2021-11-22,1.Documento Base de Contratacion 2.Convocatoria 3.Acta de Apertura 4.Informe de la Comision/Responsable de Evaluacion 5.Res. de Adjudicacion (nota) 6.Contrato/Orden de Compra/Orden de Servicio 7.Acta o informe de recepcion definitiva,1.FORM 100 2.FORM 170 3.FORM 200 4.FORM 500,https://www.sicoes.gob.bo/portal/contrataciones/ficha/fichaProceso.php?cp=21-0903-13-1177480-1-1,Sheril Ximena Lopez Gadella (Telf: 4532200),NA,NA,-,NA,NA,Cochabamba,NB-SABS (D.S.0181),4,4111600,34200,Reactivos analizadores de bancos de sangre - REACTIVO PARA DETECCION DE ANTIGENO HEPATITIS C POR EL METODO DE QUIMIOLUMINISCENCIA,KIT,50,NA,NA,VALDES MORALES ROBERTO EFRAIN,NA,NA,50,NA,NA,Contratado,NA
21-0903-13-1177480-1-1,Banco De Sangre De Referencia Departamental Cochabamba,Bienes,ANPP,Reactivos Para Deteccion De Antigenos Por El Metodo De Quimioluminiscencia,Contratado,No,2021-12-03,2021-11-22,1.Documento Base de Contratacion 2.Convocatoria 3.Acta de Apertura 4.Informe de la Comision/Responsable de Evaluacion 5.Res. de Adjudicacion (nota) 6.Contrato/Orden de Compra/Orden de Servicio 7.Acta o informe de recepcion definitiva,1.FORM 100 2.FORM 170 3.FORM 200 4.FORM 500,https://www.sicoes.gob.bo/portal/contrataciones/ficha/fichaProceso.php?cp=21-0903-13-1177480-1-1,Sheril Ximena Lopez Gadella (Telf: 4532200),NA,NA,-,NA,NA,Cochabamba,NB-SABS (D.S.0181),5,4111610,34200,Reactivos o soluciones de bancos de sangre - STARTER KIT 1+2,CAJA,36,NA,NA,NA,NA,NA,NA,NA,NA,Las propuestas no cumplieron aspectos tecnicos/admini strativos,NA
21-0903-13-1177480-1-1,Banco De Sangre De Referencia Departamental Cochabamba,Bienes,ANPP,Reactivos Para Deteccion De Antigenos Por El Metodo De Quimioluminiscencia,Contratado,No,2021-12-03,2021-11-22,1.Documento Base de Contratacion 2.Convocatoria 3.Acta de Apertura 4.Informe de la Comision/Responsable de Evaluacion 5.Res. de Adjudicacion (nota) 6.Contrato/Orden de Compra/Orden de Servicio 7.Acta o informe de recepcion definitiva,1.FORM 100 2.FORM 170 3.FORM 200 4.FORM 500,https://www.sicoes.gob.bo/portal/contrataciones/ficha/fichaProceso.php?cp=21-0903-13-1177480-1-1,Sheril Ximena Lopez Gadella (Telf: 4532200),NA,NA,-,NA,NA,Cochabamba,NB-SABS (D.S.0181),6,4111600,34200,Reactivos analizadores de bancos de sangre - REACTIVO PARA DETECCION DE ANTIGENO HEPATITIS B POR EL METODO DE QUIMIOLUMINISCENCIA,KIT,50,NA,NA,VALDES MORALES ROBERTO EFRAIN,NA,NA,50,NA,NA,Contratado,NA
21-0903-13-1177480-1-1,Banco De Sangre De Referencia Departamental Cochabamba,Bienes,ANPP,Reactivos Para Deteccion De Antigenos Por El Metodo De Quimioluminiscencia,Contratado,No,2021-12-03,2021-11-22,1.Documento Base de Contratacion 2.Convocatoria 3.Acta de Apertura 4.Informe de la Comision/Responsable de Evaluacion 5.Res. de Adjudicacion (nota) 6.Contrato/Orden de Compra/Orden de Servicio 7.Acta o informe de recepcion definitiva,1.FORM 100 2.FORM 170 3.FORM 200 4.FORM 500,https://www.sicoes.gob.bo/portal/contrataciones/ficha/fichaProceso.php?cp=21-0903-13-1177480-1-1,Sheril Ximena Lopez Gadella (Telf: 4532200),NA,NA,-,NA,NA,Cochabamba,NB-SABS (D.S.0181),7,4111610,34200,Reactivos o soluciones de bancos de sangre - REACTIVO PARA DETECCION DE ANTIGENO CHAGAS POR EL METODO DE QUIMIOLUMINISCENCIA,KIT,50,NA,NA,VALDES MORALES ROBERTO EFRAIN,NA,NA,50,NA,NA,Contratado,NA
21-1507-00-1179497-1-1,Gobierno Autonomo Municipal De Llallagua,Bienes,ANPE,'Prevencion Control Y Atencion Del Coronavirus' (Adquisicion De Pruebas De 'Antigeno Nasal Para La Deteccion De Covid-19 Pedido Trimestral'),Contratado,Si,2021-11-30,2021-11-24,1.Documento Base de Contratacion 2.Convocatoria 3.Res. de Adjudicacion (nota) 4.Informe de la Comision/Responsable de Evaluacion 5.Contrato/Orden de Compra/Orden de Servicio 6.Acta o informe de recepcion definitiva,1.FORM 100 2.FORM 170 3.FORM 200 4.FORM 500,https://www.sicoes.gob.bo/portal/contrataciones/ficha/fichaProceso.php?cp=21-1507-00-1179497-1-1,Evelin Micihel Fuentes Ramos (Telf: 5822817),NA,NA,-,NA,NA,Potosi,NB-SABS (D.S.0181),1,4111610,34200,Kits o suministros para pruebas químicas - PRUEBA RAPIDA DE ANTIGENO HISOPADO NASOFARINGEO,KIT,NA,70,NA,ESTRATEGIAS Y SERVICIOS EMPRESARIALES S.R.L.,20,NA,NA,20,NA,Contratado,Cronograma 0
21-0902-01-1179718-1-1,Servicio Departamental De Salud La Paz Sedes,Bienes,ANPP,Adqusicion De Pruebas Rapidas Deteccion De Antigeno Nasal,Contratado,Si,2021-12-06,2021-11-24,1.Convocatoria 2.Documento Base de Contratacion 3.Informe de la Comision/Responsable de Evaluacion 4.Res. de Adjudicacion (nota) 5.Res. de Adjudicacion (nota) 6.Informe de la Comision/Responsable de Evaluacion 7.Informe de la Comision/Responsable de Evaluacion 8.Informe de la Comision/Responsable de Evaluacion 9.Ver mas...,1.FORM 100 2.FORM 170 3.FORM 200 4.FORM 500,https://www.sicoes.gob.bo/portal/contrataciones/ficha/fichaProceso.php?cp=21-0902-01-1179718-1-1,Marco Antonio Ondarza Cofiel (Telf: 2443885),NA,NA,-,NA,NA,La Paz,NB-SABS (D.S.0181),NA,NA,NA,NA,NA,NA,NA,NA,NA,NA,NA,NA,NA,NA,NA,NA
21-1201-00-1178706-1-1,Gobierno Autonomo Municipal De La Paz,Bienes,CM,Adquisicion De Pruebas Antigeno Nasal Para Pacientes Del Hospital Municipal Cotahuma (Covid-19) Gestion 2021,Contratado,No,2021-11-29,2021-11-25,1.Oferta del Proveedor Identificado 2.Declaración Jurada del Proveedor 3.Contrato/Orden de Compra/Orden de Servicio 4.Acta o informe de recepcion definitiva,1.FORM 110 2.FORM 220 3.FORM 500,https://www.sicoes.gob.bo/portal/contrataciones/ficha/fichaProceso.php?cp=21-1201-00-1178706-1-1,Melissa Soledad Flores Bustamante (Telf: 2650000),NA,NA,-,NA,NA,La Paz,NB-SABS (D.S.0181),1,4111620,34200,Kits de pruebas rápidas - PRUEBA RAPIDA ANTIGENO NASAL COVID-19 (CJA. DE 25 CASSETTES),CAJA,50,875,NA,NA,NA,NA,50,875,NA,Contratado,Cronograma 0
21-0903-00-1180493-1-1,Gobierno Autónomo Departamental De Cochabamba,Bienes,ANPE,Adquisicion De Prueba Rapida Antigeno Nasal Para Laboratorio Hospital Clinico Viedma,Contratado,Si,2021-12-07,2021-11-26,1.Documento Base de Contratacion 2.Convocatoria 3.Acta de Apertura 4.Informe de la Comision/Responsable de Evaluacion 5.Res. de Adjudicacion (nota) 6.Contrato/Orden de Compra/Orden de Servicio 7.Acta o informe de recepcion definitiva,1.FORM 100 2.FORM 170 3.FORM 200 4.FORM 500,https://www.sicoes.gob.bo/portal/contrataciones/ficha/fichaProceso.php?cp=21-0903-00-1180493-1-1,Marianela Yujra Rengel (Telf: 4519121-4255253),NA,NA,-,NA,NA,Cochabamba,NB-SABS (D.S.0181),1,4111620,34200,Kits de pruebas rápidas - ITEM 1 PRUEBA RAPIDA ANTIGENO NASAL,KIT,NA,NA,NA,LESO ANALITICO S.R.L.,NA,NA,NA,NA,NA,Contratado,Cronograma 0
21-0903-00-1184023-1-1,Gobierno Autónomo Departamental De Cochabamba,Bienes,CM,Compra De Pruebas Rapidas De Antigeno Nasal Covid-19 Para El Laboratorio Del Hospital Materno Infantil German Urquidi,Contratado,No,2021-12-13,2021-12-08,1.Declaración Jurada del Proveedor 2.Oferta del Proveedor Identificado 3.Contrato/Orden de Compra/Orden de Servicio 4.Acta o informe de recepcion definitiva,1.FORM 110 2.FORM 220 3.FORM 500,https://www.sicoes.gob.bo/portal/contrataciones/ficha/fichaProceso.php?cp=21-0903-00-1184023-1-1,Ivan Mamani Almanza (Telf: 4519121-4255253),NA,NA,-,NA,NA,Cochabamba,NB-SABS (D.S.0181),1,4111610,34200,Kits o suministros para pruebas químicas - PRUEBA RAPIDA DE ANTIGENO NASAL COVID-19,CAJA,35,NA,NA,NA,NA,NA,35,578,NA,Contratado,Cronograma 0
21-0902-43-1184436-1-1,Hospital Del Norte,Bienes,CM,Compra De Prueba Rapida De Antigenos Nasales Covid-19 Reactivos Y Medios De Cultivo,Contratado,No,2021-12-13,2021-12-09,1.Declaración Jurada del Proveedor 2.Declaración Jurada del Proveedor 3.Oferta del Proveedor Identificado 4.Declaración Jurada del Proveedor 5.Declaración Jurada del Proveedor 6.Contrato/Orden de Compra/Orden de Servicio 7.Acta o informe de recepcion definitiva,1.FORM 110 2.FORM 220 3.FORM 500,https://www.sicoes.gob.bo/portal/contrataciones/ficha/fichaProceso.php?cp=21-0902-43-1184436-1-1,Victor Hugo Aguirre Vargas (Telf: 2864070),NA,NA,-,NA,NA,La Paz,NB-SABS (D.S.0181),1,1216150,34200,Kits de reactivos - AGAR TSI,FRASCO,1,650,650,NA,NA,NA,1,650,650,Contratado,Cronograma 0
21-0902-43-1184436-1-1,Hospital Del Norte,Bienes,CM,Compra De Prueba Rapida De Antigenos Nasales Covid-19 Reactivos Y Medios De Cultivo,Contratado,No,2021-12-13,2021-12-09,1.Declaración Jurada del Proveedor 2.Declaración Jurada del Proveedor 3.Oferta del Proveedor Identificado 4.Declaración Jurada del Proveedor 5.Declaración Jurada del Proveedor 6.Contrato/Orden de Compra/Orden de Servicio 7.Acta o informe de recepcion definitiva,1.FORM 110 2.FORM 220 3.FORM 500,https://www.sicoes.gob.bo/portal/contrataciones/ficha/fichaProceso.php?cp=21-0902-43-1184436-1-1,Victor Hugo Aguirre Vargas (Telf: 2864070),NA,NA,-,NA,NA,La Paz,NB-SABS (D.S.0181),2,1216150,34200,Kits de reactivos - AGAR LIA,FRASCO x 500 g,1,900,900,NA,NA,NA,1,900,900,Contratado,Cronograma 0
21-0902-43-1184436-1-1,Hospital Del Norte,Bienes,CM,Compra De Prueba Rapida De Antigenos Nasales Covid-19 Reactivos Y Medios De Cultivo,Contratado,No,2021-12-13,2021-12-09,1.Declaración Jurada del Proveedor 2.Declaración Jurada del Proveedor 3.Oferta del Proveedor Identificado 4.Declaración Jurada del Proveedor 5.Declaración Jurada del Proveedor 6.Contrato/Orden de Compra/Orden de Servicio 7.Acta o informe de recepcion definitiva,1.FORM 110 2.FORM 220 3.FORM 500,https://www.sicoes.gob.bo/portal/contrataciones/ficha/fichaProceso.php?cp=21-0902-43-1184436-1-1,Victor Hugo Aguirre Vargas (Telf: 2864070),NA,NA,-,NA,NA,La Paz,NB-SABS (D.S.0181),3,1216150,34200,Kits de reactivos - AGAR SABOURAUD,FRASCO x 500 g,1,555,555,NA,NA,NA,1,555,555,Contratado,Cronograma 0
21-0902-43-1184436-1-1,Hospital Del Norte,Bienes,CM,Compra De Prueba Rapida De Antigenos Nasales Covid-19 Reactivos Y Medios De Cultivo,Contratado,No,2021-12-13,2021-12-09,1.Declaración Jurada del Proveedor 2.Declaración Jurada del Proveedor 3.Oferta del Proveedor Identificado 4.Declaración Jurada del Proveedor 5.Declaración Jurada del Proveedor 6.Contrato/Orden de Compra/Orden de Servicio 7.Acta o informe de recepcion definitiva,1.FORM 110 2.FORM 220 3.FORM 500,https://www.sicoes.gob.bo/portal/contrataciones/ficha/fichaProceso.php?cp=21-0902-43-1184436-1-1,Victor Hugo Aguirre Vargas (Telf: 2864070),NA,NA,-,NA,NA,La Paz,NB-SABS (D.S.0181),4,1216150,34200,Kits de reactivos - AGAR SALMONELLA - SHIGELLA (SS),FRASCO x 500 gQ,1,785,785,NA,NA,NA,1,785,785,Contratado,Cronograma 0
21-0902-43-1184436-1-1,Hospital Del Norte,Bienes,CM,Compra De Prueba Rapida De Antigenos Nasales Covid-19 Reactivos Y Medios De Cultivo,Contratado,No,2021-12-13,2021-12-09,1.Declaración Jurada del Proveedor 2.Declaración Jurada del Proveedor 3.Oferta del Proveedor Identificado 4.Declaración Jurada del Proveedor 5.Declaración Jurada del Proveedor 6.Contrato/Orden de Compra/Orden de Servicio 7.Acta o informe de recepcion definitiva,1.FORM 110 2.FORM 220 3.FORM 500,https://www.sicoes.gob.bo/portal/contrataciones/ficha/fichaProceso.php?cp=21-0902-43-1184436-1-1,Victor Hugo Aguirre Vargas (Telf: 2864070),NA,NA,-,NA,NA,La Paz,NB-SABS (D.S.0181),5,1216150,34200,Kits de reactivos - ASO,KIT x 100 DETER,5,170,850,NA,NA,NA,5,170,850,Contratado,Cronograma 0
21-0902-43-1184436-1-1,Hospital Del Norte,Bienes,CM,Compra De Prueba Rapida De Antigenos Nasales Covid-19 Reactivos Y Medios De Cultivo,Contratado,No,2021-12-13,2021-12-09,1.Declaración Jurada del Proveedor 2.Declaración Jurada del Proveedor 3.Oferta del Proveedor Identificado 4.Declaración Jurada del Proveedor 5.Declaración Jurada del Proveedor 6.Contrato/Orden de Compra/Orden de Servicio 7.Acta o informe de recepcion definitiva,1.FORM 110 2.FORM 220 3.FORM 500,https://www.sicoes.gob.bo/portal/contrataciones/ficha/fichaProceso.php?cp=21-0902-43-1184436-1-1,Victor Hugo Aguirre Vargas (Telf: 2864070),NA,NA,-,NA,NA,La Paz,NB-SABS (D.S.0181),6,1216150,34200,Kits de reactivos - AGAR MAC CONKEY,FRASCO x 500 g,2,728,NA,NA,NA,NA,2,728,NA,Contratado,Cronograma 0
21-0902-43-1184436-1-1,Hospital Del Norte,Bienes,CM,Compra De Prueba Rapida De Antigenos Nasales Covid-19 Reactivos Y Medios De Cultivo,Contratado,No,2021-12-13,2021-12-09,1.Declaración Jurada del Proveedor 2.Declaración Jurada del Proveedor 3.Oferta del Proveedor Identificado 4.Declaración Jurada del Proveedor 5.Declaración Jurada del Proveedor 6.Contrato/Orden de Compra/Orden de Servicio 7.Acta o informe de recepcion definitiva,1.FORM 110 2.FORM 220 3.FORM 500,https://www.sicoes.gob.bo/portal/contrataciones/ficha/fichaProceso.php?cp=21-0902-43-1184436-1-1,Victor Hugo Aguirre Vargas (Telf: 2864070),NA,NA,-,NA,NA,La Paz,NB-SABS (D.S.0181),7,1216150,34200,Kits de reactivos - AGAR CLED,FRASCO x 500 g,1,800,800,NA,NA,NA,1,800,800,Contratado,Cronograma 0
21-0902-43-1184436-1-1,Hospital Del Norte,Bienes,CM,Compra De Prueba Rapida De Antigenos Nasales Covid-19 Reactivos Y Medios De Cultivo,Contratado,No,2021-12-13,2021-12-09,1.Declaración Jurada del Proveedor 2.Declaración Jurada del Proveedor 3.Oferta del Proveedor Identificado 4.Declaración Jurada del Proveedor 5.Declaración Jurada del Proveedor 6.Contrato/Orden de Compra/Orden de Servicio 7.Acta o informe de recepcion definitiva,1.FORM 110 2.FORM 220 3.FORM 500,https://www.sicoes.gob.bo/portal/contrataciones/ficha/fichaProceso.php?cp=21-0902-43-1184436-1-1,Victor Hugo Aguirre Vargas (Telf: 2864070),NA,NA,-,NA,NA,La Paz,NB-SABS (D.S.0181),8,1216150,34200,Kits de reactivos - PRUEBA RAPIDA ANTIGENO NASAL COVID 19,CAJA x 20 UNIDADE S,31,560,NA,NA,NA,NA,31,460,NA,Contratado,Cronograma 0
21-0902-43-1184436-1-1,Hospital Del Norte,Bienes,CM,Compra De Prueba Rapida De Antigenos Nasales Covid-19 Reactivos Y Medios De Cultivo,Contratado,No,2021-12-13,2021-12-09,1.Declaración Jurada del Proveedor 2.Declaración Jurada del Proveedor 3.Oferta del Proveedor Identificado 4.Declaración Jurada del Proveedor 5.Declaración Jurada del Proveedor 6.Contrato/Orden de Compra/Orden de Servicio 7.Acta o informe de recepcion definitiva,1.FORM 110 2.FORM 220 3.FORM 500,https://www.sicoes.gob.bo/portal/contrataciones/ficha/fichaProceso.php?cp=21-0902-43-1184436-1-1,Victor Hugo Aguirre Vargas (Telf: 2864070),NA,NA,-,NA,NA,La Paz,NB-SABS (D.S.0181),9,1216150,34200,Kits de reactivos - MEDIO DE TRANSPORTE VIRAL CON HISOPO NASAL  (FRASCO 3ml + 2 HISOPOS),SET,600,18,NA,NA,NA,NA,600,11.9,NA,Contratado,Cronograma 0
21-0902-43-1184436-1-1,Hospital Del Norte,Bienes,CM,Compra De Prueba Rapida De Antigenos Nasales Covid-19 Reactivos Y Medios De Cultivo,Contratado,No,2021-12-13,2021-12-09,1.Declaración Jurada del Proveedor 2.Declaración Jurada del Proveedor 3.Oferta del Proveedor Identificado 4.Declaración Jurada del Proveedor 5.Declaración Jurada del Proveedor 6.Contrato/Orden de Compra/Orden de Servicio 7.Acta o informe de recepcion definitiva,1.FORM 110 2.FORM 220 3.FORM 500,https://www.sicoes.gob.bo/portal/contrataciones/ficha/fichaProceso.php?cp=21-0902-43-1184436-1-1,Victor Hugo Aguirre Vargas (Telf: 2864070),NA,NA,-,NA,NA,La Paz,NB-SABS (D.S.0181),10,1216150,34200,Kits de reactivos - AGAR SOJA TRIPTICASA,FRASCO x 500 g,1,690,690,NA,NA,NA,1,690,690,Contratado,Cronograma 0
22-0046-28-1194051-1-1,Caja De Salud Cordes Cochabamba,Bienes,CM,Adquisicion De Pruebas De Antigeno Por Hisopado Nasofaringeo Para Deteccion De Covid-19 Menor I,Contratado,No,2022-01-28,2022-01-25,1.Oferta del Proveedor Identificado 2.Declaración Jurada del Proveedor 3.Contrato/Orden de Compra/Orden de Servicio 4.Acta o informe de recepcion definitiva,1.FORM 110 2.FORM 220 3.FORM 500,https://www.sicoes.gob.bo/portal/contrataciones/ficha/fichaProceso.php?cp=22-0046-28-1194051-1-1,Iver Cortez Alanis (Telf: 4532715),NA,NA,-,NA,NA,Cochabamba,NB-SABS (D.S.0181),1,4111612,34200,Kits o suministros para pruebas de inmunología o serología - PRUEBAS DE ANTIGENO POR HISOPADO NASOFARINGEO PARA DETECCION DE COVID-19,PRUEBA,NA,40,NA,NA,NA,NA,NA,24.9,NA,Contratado,Cronograma 0
