cuce,entidad,tipo_contratacion,modalidad,objeto,estado,subasta,fecha_presentacion,fecha_publicacion,archivos,formularios,ficha_proceso,persona_contacto,garantia,costo_pliego,arpc,reunion_aclaracion,fecha_adjudicacion_desierta,departamento,normativa
20-0903-00-1039627-0-E,Gobierno Autónomo Departamental De Cochabamba,Bienes,CD,Adquisicion De Termociclador Para Pcr En Tiempo Real Para Atencion De Pacientes Con Covid 19,Contratado,NA,NA,2020-05-05,Res. de Adjudicacion (nota)Contrato/Orden de Compra/Orden de ServicioActa o informe de recepcion definitiva,FORM 400FORM 500,Ver Ficha,Paola Marcela Guzman Heredia (Telf: 4519121-4255253),NA,NA,-,NA,2020-03-30,Cochabamba,NB-SABS (D.S.0181)
20-0046-26-1039709-0-E,Instituto Nacional De Laboratorios De Salud Inlasa,Bienes,CM,Compra De Super Master Mix Para Reacciones Con Evagreen Pcr En Tiempo Real Para El Laboratorio De Cigmo Del Inlasa,Contratado,NA,NA,2020-05-07,Contrato/Orden de Compra/Orden de ServicioRes. de Adjudicacion (nota)InformeActa o informe de recepcion definitiva,FORM 400FORM 500,Ver Ficha,Alfredo Victor  Paye  Ichuta (Telf: 2226048),NA,NA,-,NA,2020-03-10,La Paz,NB-SABS (D.S.0181)
20-0417-03-1040632-0-E,Caja Nacional De Salud Regional Santa Cruz,Bienes,CM,04 Kit De Pcr En Tiempo Real Para Mycobacterium (Tuberculosis) - Supervision Regional De Laboratorio,Contratado,NA,NA,2020-05-18,Res. de Adjudicacion (nota)Contrato/Orden de Compra/Orden de ServicioActa o informe de recepcion definitiva,FORM 400FORM 500,Ver Ficha,Reinaldo Montes Sandoval (Telf: 3393354),NA,NA,-,NA,2019-11-15,Santa Cruz,NB-SABS (D.S.0181)
20-1301-00-1040964-0-E,Gobierno Autonomo Municipal De Cochabamba,Bienes,CM,Compra De Proteina C Reactiva Pcr Para El Hospital Del Sud,Contratado,NA,NA,2020-05-20,Res. de Adjudicacion (nota)Contrato/Orden de Compra/Orden de ServicioActa o informe de recepcion definitiva,FORM 400FORM 500,Ver Ficha,Hamel Let Jacinto Ossa Lozada (Telf: 4258103- 4425810-4258030),NA,NA,-,NA,2020-04-30,Cochabamba,NB-SABS (D.S.0181)
20-0902-39-1043071-0-E,Hospital De La Mujer,Bienes,CM,"Adquisicion De Reactivos Pcr, Electrolitos Y Reactivo Lactato Para El Servicio De Laboratorio Clinico",Contratado,NA,NA,2020-06-03,Contrato/Orden de Compra/Orden de ServicioRes. de Adjudicacion (nota)Acta o informe de recepcion definitiva,FORM 400FORM 500,Ver Ficha,Hernan Ilaya Ramirez (Telf: 2221250),NA,NA,-,NA,2020-04-28,La Paz,NB-SABS (D.S.0181)
19-0417-03-1043195-0-E,Caja Nacional De Salud Regional Santa Cruz,Bienes,CM,01 Kit Repuesto Y Accesorios (Digitilizador Philips Pcr Eleva Compact)- Servicio Imagenologia Hospital Villa 1 De Mayo C.N.S.,Contratado,NA,NA,2020-06-04,Res. de Adjudicacion (nota)Contrato/Orden de Compra/Orden de ServicioActa o informe de recepcion definitiva,FORM 400FORM 500,Ver Ficha,Luis Felipe Rodriguez Pedraza (Telf: 3393354),NA,NA,-,NA,2019-11-15,Santa Cruz,NB-SABS (D.S.0181)
20-0046-26-1040239-0-E,Instituto Nacional De Laboratorios De Salud Inlasa,Bienes,CM,Compra Kit De Extraccion De Acidos Nucleicos Para Diagnostico De Coronavirus - Pcr En Tiempo Real Para El Laboratorio De Virologia Del Inlasa,Contratado,NA,NA,2020-06-04,Res. de Adjudicacion (nota)Contrato/Orden de Compra/Orden de ServicioInformeActa o informe de recepcion definitiva,FORM 400FORM 500,Ver Ficha,Alfredo Victor  Paye  Ichuta (Telf: 2226048),NA,NA,-,NA,2020-03-31,La Paz,NB-SABS (D.S.0181)
20-0903-00-1043531-0-E,Gobierno Autónomo Departamental De Cochabamba,Bienes,CD,Adquisicion De Cabina De Pcr Para Laboratorio Del Hospital Clinico Viedma,Contratado,NA,NA,2020-06-09,Res. de Adjudicacion (nota)Contrato/Orden de Compra/Orden de Servicio,FORM 400,Ver Ficha,Marianela Yujra Rengel (Telf: 4519121-4255253),NA,NA,-,NA,2020-05-12,Cochabamba,NB-SABS (D.S.0181)
20-0046-00-1044100-0-E,Ministerio De Salud,Servicios Generales,CD,Servicio De Difusion Radial Y Televisiva  Fortalecimiento De Pruebas Pcr Covid-19,Contratado,NA,NA,2020-06-10,Res. de Adjudicacion (nota)Contrato/Orden de Compra/Orden de Servicio,FORM 400,Ver Ficha,Nataly Meza Lopez (Telf: 2484592),NA,NA,-,NA,2020-05-20,La Paz,NB-SABS (D.S.0181)
20-0046-26-1047001-0-E,Instituto Nacional De Laboratorios De Salud Inlasa,Servicios Generales,CM,Mantenimiento Correctivo Del Termociclador De Pcr En Tiempo Real 7500 Fast Applied Biosystems Del Laboratorio De Virologia Del Inlasa,Contratado,NA,NA,2020-06-29,Res. de Adjudicacion (nota)InformeContrato/Orden de Compra/Orden de Servicio,FORM 400,Ver Ficha,Alfredo Victor  Paye  Ichuta (Telf: 2226048),NA,NA,-,NA,2020-04-23,La Paz,NB-SABS (D.S.0181)
20-1401-00-1053009-1-1,Gobierno Autonomo Municipal De Oruro,Bienes,ANPE,Adquisicion De Sistema De Aire Para El Laboratorio Pcr-Plan De Contingencia Del Coronavirus',Contratado,No,2020-08-11,2020-08-03,1.Convocatoria 2.Documento Base de Contratacion 3.Resolucion de aprobacion del DBC 4.Res. de Adjudicacion (nota) 5.Informe de la Comision/Responsable de Evaluacion 6.Contrato/Orden de Compra/Orden de Servicio 7.Acta o informe de recepcion definitiva,1.FORM 100 2.FORM 170 3.FORM 200 4.FORM 500,https://www.sicoes.gob.bo/portal/contrataciones/ficha/fichaProceso.php?cp=20-1401-00-1053009-1-1,Willy Alfredo Flores Davalos (Telf: 25251624),NA,NA,-,NA,NA,Oruro,NB-SABS (D.S.0181)
20-0903-00-1053946-1-1,Gobierno Autónomo Departamental De Cochabamba,Bienes,ANPE,Compra De Los Reactivos Panel Para Pcr-Biologia Molecular (Multiplex Filmarray Para Laboratorio De  Microbiologia Del Instituto Gastroenterologico Boliviano Japones Cochabamba Gestion 2020,Contratado,No,2020-08-17,2020-08-11,1.Especificaciones Tecnicas 2.Documento Base de Contratacion 3.Convocatoria 4.Informe de la Comision/Responsable de Evaluacion 5.Res. de Adjudicacion (nota) 6.Contrato/Orden de Compra/Orden de Servicio 7.Acta o informe de recepcion definitiva,1.FORM 100 2.FORM 170 3.FORM 200 4.FORM 500,https://www.sicoes.gob.bo/portal/contrataciones/ficha/fichaProceso.php?cp=20-0903-00-1053946-1-1,Maria Amparo Villegas Herbas (Telf: 4519121-4255253),NA,NA,-,NA,NA,Cochabamba,NB-SABS (D.S.0181)
20-0139-00-1057480-1-1,Universidad Mayor De San Andres - Umsa,Bienes,ANPP,"Termociclador Pcr En Tiempo Real Con Destino Al Proyecto Idh 98 ?Prevencion, Control Y Atencion De Coronavirus?- Instituto Seladis- Fcfb",Contratado,No,2020-09-08,2020-08-25,1.Convocatoria 2.Especificaciones Tecnicas 3.Documento Base de Contratacion 4.Informe de la Comision/Responsable de Evaluacion 5.Res. de Adjudicacion (nota) 6.Contrato/Orden de Compra/Orden de Servicio 7.Acta o informe de recepcion definitiva,1.FORM 100 2.FORM 170 3.FORM 200 4.FORM 500,https://www.sicoes.gob.bo/portal/contrataciones/ficha/fichaProceso.php?cp=20-0139-00-1057480-1-1,Virginia Miryan Saravia Telleria (Telf: 2441994),NA,NA,-,NA,NA,La Paz,NB-SABS (D.S.0181)
20-0139-00-1057471-1-1,Universidad Mayor De San Andres - Umsa,Bienes,ANPE,Equipo Multiplex Real Time Pcr Con Destino Al Proyecto ?Diagnóstico Molecular De Covid-19 Lamp-Pcr-Umsa? De La Unidad De Identificación Genética (Unigen/Covid)-Fcfb-Umsa,Contratado,No,2020-09-02,2020-08-25,1.Especificaciones Tecnicas 2.Convocatoria 3.Documento Base de Contratacion 4.Res. de Adjudicacion (nota) 5.Informe de la Comision/Responsable de Evaluacion 6.Contrato/Orden de Compra/Orden de Servicio 7.Acta o informe de recepcion definitiva,1.FORM 100 2.FORM 170 3.FORM 200 4.FORM 500,https://www.sicoes.gob.bo/portal/contrataciones/ficha/fichaProceso.php?cp=20-0139-00-1057471-1-1,Virginia Miryan Saravia Telleria (Telf: 2441994),NA,NA,-,NA,NA,La Paz,NB-SABS (D.S.0181)
20-0139-00-1057469-2-1,Universidad Mayor De San Andres - Umsa,Bienes,ANPE,Cabina De Bioseguridad Clase Ii Tipo A Con Destino Al Proyecto 'Diagnostico Molecular De Covid-19 Lamp-Pcr-Umsa'	Del Laboratorio De Unidad De Identificación Genetica-Fcfb-Umsa,Contratado,No,2020-09-11,2020-09-04,1.Convocatoria 2.Especificaciones Tecnicas 3.Documento Base de Contratacion 4.Res. de Adjudicacion (nota) 5.Informe de la Comision/Responsable de Evaluacion 6.Contrato/Orden de Compra/Orden de Servicio 7.Acta o informe de recepcion definitiva,1.FORM 100 2.FORM 170 3.FORM 200 4.FORM 500,https://www.sicoes.gob.bo/portal/contrataciones/ficha/fichaProceso.php?cp=20-0139-00-1057469-2-1,Virginia Miryan Saravia Telleria (Telf: 2441994),NA,NA,-,NA,NA,La Paz,NB-SABS (D.S.0181)
20-0417-04-1063651-1-1,Caja Nacional De Salud Regional Cochabamba,Bienes,ANPP,Kit Pcr Para Sars Cov-2 Caja X 96,Contratado,No,2020-09-30,2020-09-18,1.Convocatoria 2.Documento Base de Contratacion 3.Res. de Adjudicacion (nota) 4.Informe de la Comision/Responsable de Evaluacion 5.Contrato/Orden de Compra/Orden de Servicio 6.Acta o informe de recepcion definitiva,1.FORM 100 2.FORM 170 3.FORM 200 4.FORM 500,https://www.sicoes.gob.bo/portal/contrataciones/ficha/fichaProceso.php?cp=20-0417-04-1063651-1-1,Marcela Katherine Valdivia Humerez (Telf: 4234378),NA,NA,-,NA,NA,Cochabamba,NB-SABS (D.S.0181)
20-0141-00-1066679-1-1,Universidad Mayor De San Simon Umss,Bienes,ANPE,Adquisicion De Termociclador Pcr De Punto Final  Para El Laboratorio Biologia Molecular - Iibismed Facultad De Medicina  - Ares  R3 (Investigacion Interdisciplinaria),Contratado,No,2020-10-14,2020-10-01,1.Documento Base de Contratacion 2.Convocatoria 3.Res. de Adjudicacion (nota) 4.Informe de la Comision/Responsable de Evaluacion 5.Contrato/Orden de Compra/Orden de Servicio 6.Acta o informe de recepcion definitiva,1.FORM 100 2.FORM 170 3.FORM 200 4.FORM 500,https://www.sicoes.gob.bo/portal/contrataciones/ficha/fichaProceso.php?cp=20-0141-00-1066679-1-1,Juana Nancy Eulate Soliz (Telf: 4524773),NA,NA,-,NA,NA,Cochabamba,NB-SABS (D.S.0181)
20-0141-00-1067583-1-1,Universidad Mayor De San Simon Umss,Bienes,ANPP,Adquisicion De Termociclador Pcr En Tiempo Real  Para El Laboratorio Biologia Molecular - Iibismed Facultad De Medicina  Ares  R3 (Investigacion Interdisciplinaria),Contratado,No,2020-10-14,2020-10-01,1.Documento Base de Contratacion 2.Convocatoria 3.Res. de Adjudicacion (nota) 4.Informe de la Comision/Responsable de Evaluacion 5.Contrato/Orden de Compra/Orden de Servicio 6.Acta o informe de recepcion definitiva,1.FORM 100 2.FORM 170 3.FORM 200 4.FORM 500,https://www.sicoes.gob.bo/portal/contrataciones/ficha/fichaProceso.php?cp=20-0141-00-1067583-1-1,Juana Nancy Eulate Soliz (Telf: 4524773),NA,NA,-,NA,NA,Cochabamba,NB-SABS (D.S.0181)
20-0903-00-1073257-1-1,Gobierno Autónomo Departamental De Cochabamba,Bienes,ANPE,Adquisicion De Centrifuga De Ultra Refrigeracion Pcr Para El Laboratorio Hospital Clinico Viedma,Contratado,No,2020-10-28,2020-10-21,1.Documento Base de Contratacion 2.Convocatoria 3.Acta de Apertura 4.Informe de la Comision/Responsable de Evaluacion 5.Res. de Adjudicacion (nota) 6.Contrato/Orden de Compra/Orden de Servicio 7.Acta o informe de recepcion definitiva,1.FORM 100 2.FORM 170 3.FORM 200 4.FORM 500,https://www.sicoes.gob.bo/portal/contrataciones/ficha/fichaProceso.php?cp=20-0903-00-1073257-1-1,Marianela Yujra Rengel (Telf: 4519121-4255253),NA,NA,-,NA,NA,Cochabamba,NB-SABS (D.S.0181)
20-0141-00-1072793-1-1,Universidad Mayor De San Simon Umss,Bienes,ANPP,"Adquisicion De Termociclador Pcr En Tiempo Real, Extractor Automatizado De Acidos Nucleicos, Cabina De Bioseguridad Clase Ii Tipo A2, Ultracongelador Para El Laboratorio De Bioloia Molecular De  La Facultad De Ciencias Farmaceuticas Y Bioquimicas.",Contratado,No,2020-11-03,2020-10-21,1.Documento Base de Contratacion 2.Convocatoria 3.Res. de Adjudicacion (nota) 4.Informe de la Comision/Responsable de Evaluacion 5.Resolución/Nota/Documento que autorice la Ampliacion 6.Contrato/Orden de Compra/Orden de Servicio 7.Contrato/Orden de Compra/Orden de Servicio 8.Contrato/Orden de Compra/Orden de Servicio 9.Ver mas...,1.FORM 100 2.FORM 170 3.FORM 100-E 4.FORM 200 5.FORM 500,https://www.sicoes.gob.bo/portal/contrataciones/ficha/fichaProceso.php?cp=20-0141-00-1072793-1-1,Juana Nancy Eulate Soliz (Telf: 4524773),NA,NA,-,NA,NA,Cochabamba,NB-SABS (D.S.0181)
20-0906-00-1079395-1-1,Gobierno Autónomo Departamental De Tarija,Bienes,CD,"Adquisición De Reactivos Para Laboratorio Rt Pcr Covid - 19 Para La Preevencion Control Y Atencion De La Pandemia Del Covid-19 A Cargo Del Programa Prevención, Control Y Atención De La Pandemia Del Coronavirus (Covid-19) Solicitud De La Dirección De Gestión De Salud De Tercer Nivel Dependiente De La Secretaria Departamental De Desarrollo Humano  Del Gobierno Autónomo Departamental De Tarija",Contratado,No,2020-11-06,2020-11-04,1.Aceptación de publicación de oferta 2.Oferta del Proveedor Preseleccionado 3.Contrato/Orden de Compra/Orden de Servicio 4.Acta o informe de recepcion definitiva,1.FORM 110 2.FORM 220 3.FORM 500,https://www.sicoes.gob.bo/portal/contrataciones/ficha/fichaProceso.php?cp=20-0906-00-1079395-1-1,Antonio Marcelo Casso Nieva (Telf: .),NA,NA,-,NA,NA,Tarija,D.S. 4174 (COVID-19)
20-0903-00-1079919-1-1,Gobierno Autónomo Departamental De Cochabamba,Bienes,CM,Compra Del Equipo Cabina Pcr De Laboratorio Para La Pandemia Covid-19 Departamento De Microbiologia Del Instituto Gastroenterologico Boliviano Japones Gestion 2020,Contratado,No,2020-11-09,2020-11-05,1.Aceptación de publicación de oferta 2.Oferta del Proveedor Preseleccionado 3.Contrato/Orden de Compra/Orden de Servicio 4.Informe de Justificación 5.Acta o informe de recepcion definitiva,1.FORM 110 2.FORM 220 3.FORM 500,https://www.sicoes.gob.bo/portal/contrataciones/ficha/fichaProceso.php?cp=20-0903-00-1079919-1-1,Maria Amparo Villegas Herbas (Telf: 4519121-4255253),NA,NA,-,NA,NA,Cochabamba,NB-SABS (D.S.0181)
20-0417-03-1080227-1-1,Caja Nacional De Salud Regional Santa Cruz,Bienes,ANPE,2 Cajas Panel Respiratorio 2.1 Para Virus Por Pcr -Supervision Regional De Laboroatorios,Contratado,No,2020-11-16,2020-11-06,1.Convocatoria 2.Documento Base de Contratacion 3.Res. de Adjudicacion (nota) 4.Informe de la Comision/Responsable de Evaluacion 5.Resolución/Nota/Documento que autorice la Ampliacion 6.Contrato/Orden de Compra/Orden de Servicio 7.Acta o informe de recepcion definitiva,1.FORM 100 2.FORM 170 3.FORM 100-E 4.FORM 200 5.FORM 500,https://www.sicoes.gob.bo/portal/contrataciones/ficha/fichaProceso.php?cp=20-0417-03-1080227-1-1,Maria Fernanda Alvarez Villegas (Telf: 3393354),NA,NA,-,NA,NA,Santa Cruz,NB-SABS (D.S.0181)
20-0141-00-1081437-1-1,Universidad Mayor De San Simon Umss,Bienes,ANPP,"Adquisición De Kits De Extracción De Ácidos Nucleicos Virales, Mix Enzimático  Para Rt ? Qpcr Covid ? 19",Contratado,No,2020-11-20,2020-11-10,1.Convocatoria 2.Documento Base de Contratacion 3.Informe de la Comision/Responsable de Evaluacion 4.Res. de Adjudicacion (nota) 5.Contrato/Orden de Compra/Orden de Servicio 6.Contrato/Orden de Compra/Orden de Servicio 7.Contrato/Orden de Compra/Orden de Servicio 8.Acta o informe de recepcion definitiva 9.Ver mas...,1.FORM 100 2.FORM 170 3.FORM 200 4.FORM 500,https://www.sicoes.gob.bo/portal/contrataciones/ficha/fichaProceso.php?cp=20-0141-00-1081437-1-1,Ruben Dario Sanjines Castro (Telf: 4524773),NA,NA,-,NA,NA,Cochabamba,NB-SABS (D.S.0181)
20-0903-00-1081943-1-1,Gobierno Autónomo Departamental De Cochabamba,Bienes,CM,Adquisicion De Tubos Para Pcr Y Tapas Para Tubos Para El Laboratorio Departamental De Referencia - Sedes Cbba,Contratado,No,2020-11-13,2020-11-11,1.Aceptación de publicación de oferta 2.Oferta del Proveedor Preseleccionado 3.Contrato/Orden de Compra/Orden de Servicio 4.Acta o informe de recepcion definitiva,1.FORM 110 2.FORM 220 3.FORM 500,https://www.sicoes.gob.bo/portal/contrataciones/ficha/fichaProceso.php?cp=20-0903-00-1081943-1-1,Paola Marcela Guzman Heredia (Telf: 4519121-4255253),NA,NA,-,NA,NA,Cochabamba,NB-SABS (D.S.0181)
20-0417-03-1083914-1-1,Caja Nacional De Salud Regional Santa Cruz,Bienes,CD,50 Caja Kit De Amplificacion Para Rt-Pcr Sars-Cov-2 - Jefatura Medica Regional,Contratado,No,2020-11-19,2020-11-16,1.Aceptación de publicación de oferta 2.Oferta del Proveedor Preseleccionado 3.Contrato/Orden de Compra/Orden de Servicio 4.Acta o informe de recepcion definitiva,1.FORM 110 2.FORM 220 3.FORM 500,https://www.sicoes.gob.bo/portal/contrataciones/ficha/fichaProceso.php?cp=20-0417-03-1083914-1-1,Victor Hugo Sejas Alpiri (Telf: 3393354),NA,NA,-,NA,NA,Santa Cruz,D.S. 4174 (COVID-19)
20-0417-03-1084571-1-1,Caja Nacional De Salud Regional Santa Cruz,Bienes,CD,Item: 01 Equipo Termociclador Tiempo Real; Item 2: 01 Equipo Automatizado De Extraccion De Adn/Arn; Item 3: 01 Equipo Cabina De Flujo Laminar; Item 4: Cabina Pcr-Jefatura Medica Regional,Contratado,No,2020-11-20,2020-11-17,1.Aceptación de publicación de oferta 2.Oferta del Proveedor Preseleccionado 3.Contrato/Orden de Compra/Orden de Servicio 4.Acta o informe de recepcion definitiva,1.FORM 110 2.FORM 220 3.FORM 500,https://www.sicoes.gob.bo/portal/contrataciones/ficha/fichaProceso.php?cp=20-0417-03-1084571-1-1,Victor Hugo Sejas Alpiri (Telf: 3393354),NA,NA,-,NA,NA,Santa Cruz,D.S. 4174 (COVID-19)
20-0417-03-1084353-1-1,Caja Nacional De Salud Regional Santa Cruz,Bienes,CD,01 Global De Consumible Plasticos Para El Equipo Termociclador Para Rt-Pcr-Jefatura Medica Regional,Contratado,No,2020-11-20,2020-11-17,1.Oferta del Proveedor Preseleccionado 2.Aceptación de publicación de oferta 3.Contrato/Orden de Compra/Orden de Servicio 4.Acta o informe de recepcion definitiva,1.FORM 110 2.FORM 220 3.FORM 500,https://www.sicoes.gob.bo/portal/contrataciones/ficha/fichaProceso.php?cp=20-0417-03-1084353-1-1,Victor Hugo Sejas Alpiri (Telf: 3393354),NA,NA,-,NA,NA,Santa Cruz,D.S. 4174 (COVID-19)
20-0417-05-1086054-1-1,Caja Nacional De Salud (Regional Oruro),Bienes,CM,Proteina C Reactiva (Pcr) (Laboratorio Reg.),Contratado,No,2020-11-24,2020-11-19,1.Aceptación de publicación de oferta 2.Oferta del Proveedor Preseleccionado 3.Contrato/Orden de Compra/Orden de Servicio 4.Acta o informe de recepcion definitiva,1.FORM 110 2.FORM 220 3.FORM 500,https://www.sicoes.gob.bo/portal/contrataciones/ficha/fichaProceso.php?cp=20-0417-05-1086054-1-1,Percy Pablo Rios Apaza (Telf: 5251480),NA,NA,-,NA,NA,Oruro,NB-SABS (D.S.0181)
20-1312-00-1088644-1-1,Gobierno Autonomo Municipal De Sacaba,Bienes,CD,"Prevencion, Control Y Atencion Del Coronavirus (Adq. De Equipo Pcr/Tr Para Pronostico Del Sars Cov-2 (Covid 19) Para El Hospital Mexico)",Contratado,No,2020-11-30,2020-11-26,1.Aceptación de publicación de oferta 2.Oferta del Proveedor Preseleccionado 3.Contrato/Orden de Compra/Orden de Servicio 4.Acta o informe de recepcion definitiva,1.FORM 110 2.FORM 220 3.FORM 500,https://www.sicoes.gob.bo/portal/contrataciones/ficha/fichaProceso.php?cp=20-1312-00-1088644-1-1,Juan Jose Bustamante Lujan (Telf: 4702301),NA,NA,-,NA,NA,Cochabamba,D.S. 4174 (COVID-19)
20-0903-00-1091137-1-1,Gobierno Autónomo Departamental De Cochabamba,Bienes,CD,Adquisicion Tubos Pcr En Tiras De 8 Unidades 0.2 Ml Y Tapas Opticas Planas Para Tubos De Pcr De 0.2 Ml Del Laboratorio Departamental De Referencia Sedes Cbba 2020,Contratado,No,2020-12-04,2020-12-02,1.Aceptación de publicación de oferta 2.Oferta del Proveedor Preseleccionado 3.Contrato/Orden de Compra/Orden de Servicio 4.Acta o informe de recepcion definitiva,1.FORM 110 2.FORM 220 3.FORM 500,https://www.sicoes.gob.bo/portal/contrataciones/ficha/fichaProceso.php?cp=20-0903-00-1091137-1-1,Paola Marcela Guzman Heredia (Telf: 4519121-4255253),NA,NA,-,NA,NA,Cochabamba,Otra Normativa especifica nacional
20-0903-00-1092931-1-1,Gobierno Autónomo Departamental De Cochabamba,Bienes,ANPE,Adquisicion De Reactivos E Insumos Para Pruebas Pcr En El Area De Biologia Molecular Del Laboratorio Hospital Clinico Viedma,Contratado,No,2020-12-11,2020-12-07,1.Documento Base de Contratacion 2.Convocatoria 3.Acta de Apertura 4.Res. de Adjudicacion (nota) 5.Informe de la Comision/Responsable de Evaluacion 6.Contrato/Orden de Compra/Orden de Servicio 7.Contrato/Orden de Compra/Orden de Servicio 8.Acta o informe de recepcion definitiva 9.Ver mas...,1.FORM 100 2.FORM 170 3.FORM 200 4.FORM 500,https://www.sicoes.gob.bo/portal/contrataciones/ficha/fichaProceso.php?cp=20-0903-00-1092931-1-1,Marianela Yujra Rengel (Telf: 4519121-4255253),NA,NA,-,NA,NA,Cochabamba,NB-SABS (D.S.0181)
20-0901-02-1093821-1-1,Servicio Departamental De Salud Chuquisaca,Bienes,CD,Adquisición De Insumos Para Laboratorio Pcr Hospital Santa Barbara,Contratado,No,2020-12-10,2020-12-08,1.Aceptación de publicación de oferta 2.Oferta del Proveedor Preseleccionado 3.Contrato/Orden de Compra/Orden de Servicio 4.Acta o informe de recepcion definitiva,1.FORM 110 2.FORM 220 3.FORM 500,https://www.sicoes.gob.bo/portal/contrataciones/ficha/fichaProceso.php?cp=20-0901-02-1093821-1-1,Ricardo Serrano Machuca (Telf: 64-53147 - 64-54891),NA,NA,-,NA,NA,Chuquisaca,D.S. 4174 (COVID-19)
20-0417-09-1095352-1-1,Caja Nacional De Salud - Regional La Paz,Bienes,CD,1 Equ. Equipo Pcr En Tiempo Real Con Reactivos Especifificos Para Covid-19. Serv. De Laboratorio Hode Materno Infantil,Contratado,No,2020-12-14,2020-12-10,1.Aceptación de publicación de oferta 2.Oferta del Proveedor Preseleccionado 3.Contrato/Orden de Compra/Orden de Servicio 4.Acta o informe de recepcion definitiva,1.FORM 110 2.FORM 220 3.FORM 500,https://www.sicoes.gob.bo/portal/contrataciones/ficha/fichaProceso.php?cp=20-0417-09-1095352-1-1,Jose Luis Peralta Rocha (Telf: 2-901777),NA,NA,-,NA,NA,La Paz,D.S. 4174 (COVID-19)
20-0903-00-1095133-1-1,Gobierno Autónomo Departamental De Cochabamba,Bienes,CM,Compra De Panel Para Pcr-Biologia Molecular (Multiplex Filmarray) Para Laboratorio De Microbiologia Del Instituto Gastroenterologico Boliviano Japones,Contratado,No,2020-12-14,2020-12-10,1.Oferta del Proveedor Preseleccionado 2.Aceptación de publicación de oferta 3.Contrato/Orden de Compra/Orden de Servicio 4.Informe de Justificación 5.Acta o informe de recepcion definitiva,1.FORM 110 2.FORM 220 3.FORM 500,https://www.sicoes.gob.bo/portal/contrataciones/ficha/fichaProceso.php?cp=20-0903-00-1095133-1-1,Maria Amparo Villegas Herbas (Telf: 4519121-4255253),NA,NA,-,NA,NA,Cochabamba,NB-SABS (D.S.0181)
20-1247-00-1102074-1-1,Gobierno Autonomo Municipal De Mocomoco,Bienes,CD,"Adquisicion De Pruebas Test Pcr Covid - 19, Para 10 Establecimientos De Salud Del Municipio De Mocomoco",Contratado,No,2020-12-31,2020-12-29,1.Aceptación de publicación de oferta 2.Oferta del Proveedor Preseleccionado 3.Contrato/Orden de Compra/Orden de Servicio 4.Contrato/Orden de Compra/Orden de Servicio 5.Acta o informe de recepcion definitiva,1.FORM 110 2.FORM 220 3.FORM 500,https://www.sicoes.gob.bo/portal/contrataciones/ficha/fichaProceso.php?cp=20-1247-00-1102074-1-1,Roger Franz Apaza Calamani (Telf: 71558053),NA,NA,-,NA,NA,La Paz,D.S. 4174 (COVID-19)
21-0417-04-1105108-1-1,Caja Nacional De Salud Regional Cochabamba,Bienes,ANPP,Kit Rt-Pcr Para Sars Cov-2,Contratado,No,2021-01-28,2021-01-14,1.Documento Base de Contratacion 2.Convocatoria 3.Res. de Adjudicacion (nota) 4.Informe de la Comision/Responsable de Evaluacion 5.Contrato/Orden de Compra/Orden de Servicio 6.Acta o informe de recepcion definitiva,1.FORM 100 2.FORM 170 3.FORM 200 4.FORM 500,https://www.sicoes.gob.bo/portal/contrataciones/ficha/fichaProceso.php?cp=21-0417-04-1105108-1-1,Boris Javier Alarcon Hinojosa (Telf: 4234378),NA,NA,-,NA,NA,Cochabamba,NB-SABS (D.S.0181)
21-0141-00-1114482-1-1,Universidad Mayor De San Simon Umss,Bienes,ANPP,Adquisición De Materiales E Insumos Para La Elaboración De Enzimas Utilizadas En La Rt-Qpcr Y Lamp Para El Diagnóstico Del Covid-19 En Bolivia Para El Centro De Biotecnología Y Nanotecnología Agropecuario Y Forestal,Contratado,Si,2021-03-05,2021-02-23,1.Documento Base de Contratacion 2.Convocatoria 3.Convocatoria para aclaración de propuestas 4.Res. de Adjudicacion (nota) 5.Informe de la Comision/Responsable de Evaluacion 6.Contrato/Orden de Compra/Orden de Servicio 7.Acta o informe de recepcion definitiva,1.FORM 100 2.FORM 170 3.FORM 200 4.FORM 500,https://www.sicoes.gob.bo/portal/contrataciones/ficha/fichaProceso.php?cp=21-0141-00-1114482-1-1,Darwin Peredo Rojas (Telf: 4524773),NA,NA,-,NA,NA,Cochabamba,NB-SABS (D.S.0181)
21-0417-06-1120423-1-1,Caja Nacional De Salud (Regional Chuquisaca),Bienes,ANPE,Adquisicion De Reactivos Para Rt-Pcr Solicitado Por El Servicio De Laboratorio Del Centro Centinela Covid 19 De La Caja Nacional De Salud Regional Chuquisaca,Contratado,Si,2021-03-19,2021-03-15,1.Documento Base de Contratacion 2.Convocatoria 3.Acta de Apertura 4.Resolucion/Documento de Anulacion 5.Res. de Adjudicacion (nota) 6.Informe de la Comision/Responsable de Evaluacion 7.Resolución/Nota/Documento que autorice la Ampliacion 8.Contrato/Orden de Compra/Orden de Servicio 9.Ver mas...,1.FORM 100 2.FORM 100-E 3.FORM 170 4.FORM 100-E 5.FORM 200 6.FORM 500,https://www.sicoes.gob.bo/portal/contrataciones/ficha/fichaProceso.php?cp=21-0417-06-1120423-1-1,Marvelia Canaviri Martinez (Telf: 6461501),NA,NA,-,NA,NA,NA,NB-SABS (D.S.0181)
21-0417-06-1120421-1-1,Caja Nacional De Salud (Regional Chuquisaca),Bienes,ANPE,Adquisicion De 2 Equipos Cabina De Pcr Solicitado Por El Servicio De Laboratorio Del Centro Centinela Covid -19 De La Caja Nacional De Salud Regional Chuquisaca,Contratado,Si,2021-03-19,2021-03-15,1.Convocatoria 2.Documento Base de Contratacion 3.Acta de Apertura 4.Resolucion/Documento de Anulacion 5.Res. de Adjudicacion (nota) 6.Informe de la Comision/Responsable de Evaluacion 7.Contrato/Orden de Compra/Orden de Servicio 8.Acta o informe de recepcion definitiva,1.FORM 100 2.FORM 100-E 3.FORM 170 4.FORM 200 5.FORM 500,https://www.sicoes.gob.bo/portal/contrataciones/ficha/fichaProceso.php?cp=21-0417-06-1120421-1-1,Marvelia Canaviri Martinez (Telf: 6461501),NA,NA,-,NA,NA,Chuquisaca,NB-SABS (D.S.0181)
21-0139-00-1122009-1-1,Universidad Mayor De San Andres - Umsa,Bienes,CM,Adquisición De Reactivos Para La Tipificacion De Alelos Hla-Dqa1/Dqb1 Por Prc-Sso Y Hla-Drb1 Por Pcr - Sso Con Destino Al Laboratorio De Histocompatibilidad E Inmunogenetica Del Instituto Seladis-Fcfb,Contratado,No,2021-03-22,2021-03-18,1.Oferta del Proveedor Identificado 2.Declaración Jurada del Proveedor 3.Contrato/Orden de Compra/Orden de Servicio 4.Acta o informe de recepcion definitiva,1.FORM 110 2.FORM 220 3.FORM 500,https://www.sicoes.gob.bo/portal/contrataciones/ficha/fichaProceso.php?cp=21-0139-00-1122009-1-1,Virginia Miryan Saravia Telleria (Telf: 2441994),NA,NA,-,NA,NA,La Paz,NB-SABS (D.S.0181)
21-0417-07-1121399-1-1,Caja Nacional De Salud (Regional Beni),Bienes,CM,"Fbr, Punteras Blancas Y Amarillas, Fco Tincion De Vidrio, Tr-Cal, Cubre 22x22 Cm (X12), Focos Alogenos 6v 10w, R-Plqt, Pr-Psa, Pr-Chagas, Hisp-Est Idividuales, Pr-H, Pylori Heces, Pcr Latex, Pr-Hpt C, Glu-En, Alb-Col, Prot-Col, Bilirrubinas T/D, Potasio, Transaminasa Got-Cgpt Cinetica, Ca-Col, R-Widal, T-R Orina, Pr-Hcg, Ldh, Cl-Col Para El Laboratorio De La Distrital Riberalta",Contratado,No,2021-03-25,2021-03-22,1.Oferta del Proveedor Identificado 2.Declaración Jurada del Proveedor 3.Contrato/Orden de Compra/Orden de Servicio 4.Acta o informe de recepcion definitiva,1.FORM 110 2.FORM 220 3.FORM 500,https://www.sicoes.gob.bo/portal/contrataciones/ficha/fichaProceso.php?cp=21-0417-07-1121399-1-1,Alberto Antonio Rojas Cartagena (Telf: 4621254),NA,NA,-,NA,NA,Beni,NB-SABS (D.S.0181)
21-0417-06-1120404-1-3,Caja Nacional De Salud (Regional Chuquisaca),Bienes,ANPP,Adquisicion De 77 Caja Rt-Pcr Covid-19 Ivd Solicitado Por El Servicio De Laboratorio Del Centro Centinela Covid 19 De La Caja Nacional De Salud Regional Chuquisaca,Contratado,Si,2021-04-30,2021-04-19,1.Documento Base de Contratacion 2.Convocatoria 3.Informe de la Comision/Responsable de Evaluacion 4.Res. de Adjudicacion (nota) 5.Contrato/Orden de Compra/Orden de Servicio 6.Acta o informe de recepcion definitiva 7.Acta de Apertura,1.FORM 100 2.FORM 170 3.FORM 200 4.FORM 500,https://www.sicoes.gob.bo/portal/contrataciones/ficha/fichaProceso.php?cp=21-0417-06-1120404-1-3,Marvelia Canaviri Martinez (Telf: 6461501),NA,NA,-,NA,NA,Chuquisaca,NB-SABS (D.S.0181)
21-1312-00-1134498-1-1,Gobierno Autonomo Municipal De Sacaba,Servicios Generales,CM,Mejoramiento De Infraestructura De Salud (Servicio De Mant. Carpintería De Aluminio Ambientes De Laboratorio Pcr. Deposito Del H. Mexico Y Admisión C.S. Pacata),Contratado,No,2021-04-30,2021-04-27,1.Oferta del Proveedor Identificado 2.Declaración Jurada del Proveedor 3.Contrato/Orden de Compra/Orden de Servicio 4.Acta o informe de recepcion definitiva,1.FORM 110 2.FORM 220 3.FORM 500,https://www.sicoes.gob.bo/portal/contrataciones/ficha/fichaProceso.php?cp=21-1312-00-1134498-1-1,Jose Angel Olmos Rojas (Telf: 4702301),NA,NA,-,NA,NA,Cochabamba,NB-SABS (D.S.0181)
21-0046-21-1138478-1-1,Seguro Social Universitario - Cochabamba,Bienes,CM,Provision E Instalacion De Campana Pcr Para Laboratorio,Contratado,No,2021-05-18,2021-05-13,1.Declaración Jurada del Proveedor 2.Oferta del Proveedor Identificado 3.Contrato/Orden de Compra/Orden de Servicio 4.Acta o informe de recepcion definitiva,1.FORM 110 2.FORM 220 3.FORM 500,https://www.sicoes.gob.bo/portal/contrataciones/ficha/fichaProceso.php?cp=21-0046-21-1138478-1-1,Favio Manuel Soria Galvarro Villarroel (Telf: 4226772),NA,NA,-,NA,NA,Cochabamba,NB-SABS (D.S.0181)
21-0417-09-1139636-1-1,Caja Nacional De Salud - Regional La Paz,Bienes,ANPP,9 Items Insumos Pcrq Sars Cov 2 90 Caja Tips Con Filtro De 1000 Ul 40 Caja Tips Con Filtro De 200 Ul 90 Caja Tips Con Filtro De 10 Ul 80000 Piezas Tubos Microcentrifugadora De 1.5 Ml 30 Cajas Tubos En Tira Pcr 30 Cajas Tapas En Tira Pcr 150 Cajas Tubos En Placa Pcr 80 Caja Adhesivo Para Tubos En Placa Pcr 20000 Pieza Tubos Cónicos De 16 Ml,Contratado,Si,2021-05-31,2021-05-19,1.Documento Base de Contratacion 2.Convocatoria 3.Acta de Apertura 4.Acta de Aclaración de Propuestas 5.Informe de la Comision/Responsable de Evaluacion 6.Res. de Adjudicacion (nota) 7.Contrato/Orden de Compra/Orden de Servicio 8.Acta o informe de recepcion definitiva,1.FORM 100 2.FORM 170 3.FORM 200 4.FORM 500,https://www.sicoes.gob.bo/portal/contrataciones/ficha/fichaProceso.php?cp=21-0417-09-1139636-1-1,Manuel Alejandro Almendro Lazarte (Telf: 2-901777),NA,NA,-,25/05/2021 9:15,NA,La Paz,NB-SABS (D.S.0181)
21-0417-09-1140151-1-1,Caja Nacional De Salud - Regional La Paz,Bienes,ANPE,8 Items Productos Quimicos Y Farmaceuticos. 2 Caja. Virus Respiratorios Pcr Q; 2 Caja. Tipificacion De Influenza A; 5 Caja. Anticuerpos Anti Hepatitis A Igg; 5 Caja. Anticuerpos Anti Hepatitis A Igm; 10 Caja. Anticuerpos Anti Hepatitis C Igg; 10 Caja. Anticuerpos Anti Hepatitis C Igm; 4 Caja. Hidatidosis Eia; 2 Caja. Clostridium Difficile Eia,Contratado,Si,2021-05-28,2021-05-24,1.Convocatoria 2.Documento Base de Contratacion 3.Acta de Apertura 4.Res. de Adjudicacion (nota) 5.Informe de la Comision/Responsable de Evaluacion 6.Contrato/Orden de Compra/Orden de Servicio 7.Acta o informe de recepcion definitiva,1.FORM 100 2.FORM 170 3.FORM 200 4.FORM 500,https://www.sicoes.gob.bo/portal/contrataciones/ficha/fichaProceso.php?cp=21-0417-09-1140151-1-1,Jose Luis Peralta Rocha (Telf: 2-901777),NA,NA,-,NA,NA,La Paz,NB-SABS (D.S.0181)
21-0417-09-1140931-1-1,Caja Nacional De Salud - Regional La Paz,Bienes,ANPE,4 Items. Productos Quimicos Y Farmaceuticos. 2 Caja. Citomegalovirus Carga Viral Mediante Pcr Q; 1 Caja. Deteccion Herpes Simplex 1 Y 2 Mediante Pcr Q; 1 Caja. Deteccion De Epstein Baar Mediante Pcr Q; 4 Caja. Virus Bk/Jc Carga Viral Mediante Pcr Q,Contratado,Si,2021-06-02,2021-05-27,1.Documento Base de Contratacion 2.Convocatoria 3.Acta de Apertura 4.Informe de la Comision/Responsable de Evaluacion 5.Res. de Adjudicacion (nota) 6.Contrato/Orden de Compra/Orden de Servicio 7.Acta o informe de recepcion definitiva,1.FORM 100 2.FORM 170 3.FORM 200 4.FORM 500,https://www.sicoes.gob.bo/portal/contrataciones/ficha/fichaProceso.php?cp=21-0417-09-1140931-1-1,Jose Luis Peralta Rocha (Telf: 2-901777),NA,NA,-,NA,NA,La Paz,NB-SABS (D.S.0181)
21-0417-05-1141678-1-1,Caja Nacional De Salud (Regional Oruro),Obras,CM,Implementacion De Ambientes Para Cabina Pcr Agua De Castilla,Contratado,No,2021-06-07,2021-06-01,1.Declaración Jurada del Proveedor 2.Oferta del Proveedor Identificado 3.Contrato/Orden de Compra/Orden de Servicio 4.Acta o informe de recepcion definitiva,1.FORM 110 2.FORM 220 3.FORM 500,https://www.sicoes.gob.bo/portal/contrataciones/ficha/fichaProceso.php?cp=21-0417-05-1141678-1-1,Percy Pablo Rios Apaza (Telf: 5251480),NA,NA,-,NA,NA,Oruro,NB-SABS (D.S.0181)
21-0417-03-1143741-1-1,Caja Nacional De Salud Regional Santa Cruz,Bienes,CM,82 Fco Control Negativo P/Sangre Oculta De 2 Gr. - 100 Fco Control Positivo P/Pcr (Aglutinacion) - 100 Fco Control Negativo P/Pcr (Aglutinacion Latex) - 87 Fco Control No Reactivo Aso - 40 Fco Control Reactivo Hepatitis C X 2 Ml - Supervision Regional Laboratorios,Contratado,No,2021-06-17,2021-06-14,1.Declaración Jurada del Proveedor 2.Oferta del Proveedor Identificado 3.Contrato/Orden de Compra/Orden de Servicio 4.Acta o informe de recepcion definitiva,1.FORM 110 2.FORM 220 3.FORM 500,https://www.sicoes.gob.bo/portal/contrataciones/ficha/fichaProceso.php?cp=21-0417-03-1143741-1-1,Victor Hugo Sejas Alpiri (Telf: 3393354),NA,NA,NA,NA,NA,Santa Cruz,NB-SABS (D.S.0181)
21-0417-02-1145584-1-1,Caja Nacional De Salud (Regional Cobija),Bienes,CM,H Pylori En Heces Y Pcr X 100 Determinaciones,Contratado,No,2021-06-28,2021-06-24,1.Oferta del Proveedor Identificado 2.Declaración Jurada del Proveedor 3.Contrato/Orden de Compra/Orden de Servicio 4.Acta o informe de recepcion definitiva,1.FORM 110 2.FORM 220 3.FORM 500,https://www.sicoes.gob.bo/portal/contrataciones/ficha/fichaProceso.php?cp=21-0417-02-1145584-1-1,Boris Eugenio Joaniquina Bustillos (Telf: 8422409),NA,NA,-,NA,NA,Pando,NB-SABS (D.S.0181)
21-0903-00-1144264-1-1,Gobierno Autónomo Departamental De Cochabamba,Bienes,CM,Compra De Pruebas De Rt-Pcr Multiplexada En Tiempo Real Para Deteccion Cualitativa Del Arn Del Virus Sars-Cov2 Para El Equipo Automatizado Genexpert Para Laboratorio De Microbiologia Del Instituto Gastroenterologico Boliviano Japones,Contratado,No,2021-07-08,2021-07-05,1.Oferta del Proveedor Identificado 2.Declaración Jurada del Proveedor 3.Contrato/Orden de Compra/Orden de Servicio 4.Contrato/Orden de Compra/Orden de Servicio 5.Acta o informe de recepcion definitiva,1.FORM 110 2.FORM 220 3.FORM 500,https://www.sicoes.gob.bo/portal/contrataciones/ficha/fichaProceso.php?cp=21-0903-00-1144264-1-1,Maria Amparo Villegas Herbas (Telf: 4519121-4255253),NA,NA,-,NA,NA,Cochabamba,NB-SABS (D.S.0181)
21-0513-00-1149158-1-1,Yacimientos Petroliferos Fiscales Bolivianos - Ypfb,Servicios Generales,ANPP,Servicio De Laboratorio De Prueba Pcr,Contratado,No,2021-07-22,2021-07-09,1.Convocatoria 2.Documento Base de Contratacion 3.Acta de Apertura 4.Informe de la Comision/Responsable de Evaluacion 5.Res. de Adjudicacion (nota) 6.Contrato/Orden de Compra/Orden de Servicio 7.Acta o informe de recepcion definitiva,1.FORM 100 2.FORM 170 3.FORM 200 4.FORM 500,https://www.sicoes.gob.bo/portal/contrataciones/ficha/fichaProceso.php?cp=21-0513-00-1149158-1-1,Zoraida Margott Quisbert Ocampo (Telf: 2358802),NA,NA,-,NA,NA,La Paz,NB-SABS (D.S.0181)
21-0047-15-1151755-1-1,Servicio Nacional De Sanidad Agropecuaria E Inocuidad Alimentaria Senasag,Bienes,CM,"Adquisicion De Kit De Pcr En Tiempo Real De Influenza A Y Subtipo H5 Y H7, Primers Spg Para Laboratorio Unalab",Contratado,No,2021-07-26,2021-07-22,1.Oferta del Proveedor Identificado 2.Declaración Jurada del Proveedor 3.Contrato/Orden de Compra/Orden de Servicio 4.Acta o informe de recepcion definitiva,1.FORM 110 2.FORM 220 3.FORM 500,https://www.sicoes.gob.bo/portal/contrataciones/ficha/fichaProceso.php?cp=21-0047-15-1151755-1-1,Ada Sheyla Hinojosa Balboa (Telf: 3-46281085),NA,NA,-,NA,NA,Beni,NB-SABS (D.S.0181)
21-0047-15-1151679-1-1,Servicio Nacional De Sanidad Agropecuaria E Inocuidad Alimentaria Senasag,Bienes,CM,Adquisicion De Pcr Para Diagnostico De Prrs Para El Uso Del Laboratorio Unalab-Sc,Contratado,No,2021-07-26,2021-07-22,1.Declaración Jurada del Proveedor 2.Oferta del Proveedor Identificado 3.Contrato/Orden de Compra/Orden de Servicio 4.Acta o informe de recepcion definitiva,1.FORM 110 2.FORM 220 3.FORM 500,https://www.sicoes.gob.bo/portal/contrataciones/ficha/fichaProceso.php?cp=21-0047-15-1151679-1-1,Ada Sheyla Hinojosa Balboa (Telf: 3-46281085),NA,NA,-,NA,NA,Beni,NB-SABS (D.S.0181)
21-0905-00-1152936-1-1,Gobierno Autónomo Departamental De Potosí,Bienes,CM,Adquisicion De Pcr Por Nefelometria Ped. 6952,Contratado,No,2021-08-02,2021-07-28,1.Oferta del Proveedor Identificado 2.Declaración Jurada del Proveedor 3.Contrato/Orden de Compra/Orden de Servicio 4.Acta o informe de recepcion definitiva,1.FORM 110 2.FORM 220 3.FORM 500,https://www.sicoes.gob.bo/portal/contrataciones/ficha/fichaProceso.php?cp=21-0905-00-1152936-1-1,Juan Marcelo Villalpando Montoya (Telf: 6229679),NA,NA,-,NA,NA,Potosi,NB-SABS (D.S.0181)
21-0047-15-1154926-1-1,Servicio Nacional De Sanidad Agropecuaria E Inocuidad Alimentaria Senasag,Bienes,CM,Adquisicion De Antigeno Pouquier Para Prueba De Rosa De Bengala (Rtb) Y Control Real Pcr Positive Para El Uso Del Laboratorio Unalab Santa Cruz,Contratado,No,2021-08-13,2021-08-10,1.Declaración Jurada del Proveedor 2.Oferta del Proveedor Identificado 3.Contrato/Orden de Compra/Orden de Servicio 4.Acta o informe de recepcion definitiva,1.FORM 110 2.FORM 220 3.FORM 500,https://www.sicoes.gob.bo/portal/contrataciones/ficha/fichaProceso.php?cp=21-0047-15-1154926-1-1,Ada Sheyla Hinojosa Balboa (Telf: 3-46281085),NA,NA,-,NA,NA,Beni,NB-SABS (D.S.0181)
21-0903-00-1156068-1-1,Gobierno Autónomo Departamental De Cochabamba,Bienes,ANPE,Compra De Tubos Pcr 0.2 Ml; Tapas Opticas Planas Y Parafilm Para El Laboratorio Departamental De Referencia Sedes Cbba 2021,Contratado,Si,2021-08-23,2021-08-17,1.Convocatoria 2.Documento Base de Contratacion 3.Res. de Adjudicacion (nota) 4.Informe de la Comision/Responsable de Evaluacion 5.Contrato/Orden de Compra/Orden de Servicio 6.Acta o informe de recepcion definitiva,1.FORM 100 2.FORM 170 3.FORM 200 4.FORM 500,https://www.sicoes.gob.bo/portal/contrataciones/ficha/fichaProceso.php?cp=21-0903-00-1156068-1-1,Paola Marcela Guzman Heredia (Telf: 4519121-4255253),NA,NA,-,NA,NA,Cochabamba,NB-SABS (D.S.0181)
21-0417-06-1158864-1-1,Caja Nacional De Salud (Regional Chuquisaca),Bienes,ANPP,Adquisicion De 30 Caja Rt-Pcr Covid-19 Ivd Solicitado Por El Servicio De Laboratorio Del Centro Centinela Covid-19 De La Caja Nacional De Salud Regional Chuquisaca,Contratado,Si,2021-09-10,2021-08-30,1.Documento Base de Contratacion 2.Convocatoria 3.Acta de Apertura 4.Informe de la Comision/Responsable de Evaluacion 5.Res. de Adjudicacion (nota) 6.Contrato/Orden de Compra/Orden de Servicio 7.Acta o informe de recepcion definitiva,1.FORM 100 2.FORM 170 3.FORM 200 4.FORM 500,https://www.sicoes.gob.bo/portal/contrataciones/ficha/fichaProceso.php?cp=21-0417-06-1158864-1-1,Marvelia Canaviri Martinez (Telf: 6461501),NA,NA,-,NA,NA,Chuquisaca,NB-SABS (D.S.0181)
21-0047-15-1160181-1-1,Servicio Nacional De Sanidad Agropecuaria E Inocuidad Alimentaria Senasag,Bienes,CM,Adquisicion De Pcr Para Diagnostico De Prrs Para Uso De Laboratorio Unalab-Sc,Contratado,No,2021-09-08,2021-09-03,1.Oferta del Proveedor Identificado 2.Declaración Jurada del Proveedor 3.Contrato/Orden de Compra/Orden de Servicio 4.Acta o informe de recepcion definitiva,1.FORM 110 2.FORM 220 3.FORM 500,https://www.sicoes.gob.bo/portal/contrataciones/ficha/fichaProceso.php?cp=21-0047-15-1160181-1-1,Karen Melisa Moron Porcel (Telf: 3-46281085),NA,NA,-,NA,NA,Beni,NB-SABS (D.S.0181)
21-0905-00-1162532-1-1,Gobierno Autónomo Departamental De Potosí,Bienes,CM,Adquisicion De Pcr Por Nefelometria Para Laboratorio Clinico Ped. 7811,Contratado,No,2021-09-20,2021-09-15,1.Oferta del Proveedor Identificado 2.Declaración Jurada del Proveedor 3.Contrato/Orden de Compra/Orden de Servicio 4.Acta o informe de recepcion definitiva,1.FORM 110 2.FORM 220 3.FORM 500,https://www.sicoes.gob.bo/portal/contrataciones/ficha/fichaProceso.php?cp=21-0905-00-1162532-1-1,Juan Marcelo Villalpando Montoya (Telf: 6229679),NA,NA,-,NA,NA,Potosi,NB-SABS (D.S.0181)
21-0905-00-1164404-1-1,Gobierno Autónomo Departamental De Potosí,Bienes,CM,Compra De Pcr Por Nefelometria Para Laboratorio Clinico Ped. 7178,Contratado,No,2021-09-28,2021-09-23,1.Declaración Jurada del Proveedor 2.Oferta del Proveedor Identificado 3.Contrato/Orden de Compra/Orden de Servicio 4.Acta o informe de recepcion definitiva,1.FORM 110 2.FORM 220 3.FORM 500,https://www.sicoes.gob.bo/portal/contrataciones/ficha/fichaProceso.php?cp=21-0905-00-1164404-1-1,Juan Marcelo Villalpando Montoya (Telf: 6229679),NA,NA,-,NA,NA,Potosi,NB-SABS (D.S.0181)
21-0417-09-1163105-2-1,Caja Nacional De Salud - Regional La Paz,Bienes,ANPE,20 Caja Pcrq Sars Cov 2 Equipo Rotor Gene 5 Plex,Contratado,Si,2021-10-18,2021-10-12,1.Documento Base de Contratacion 2.Convocatoria 3.Acta de Apertura 4.Res. de Adjudicacion (nota) 5.Informe de la Comision/Responsable de Evaluacion 6.Contrato/Orden de Compra/Orden de Servicio 7.Acta o informe de recepcion definitiva,1.FORM 100 2.FORM 170 3.FORM 200 4.FORM 500,https://www.sicoes.gob.bo/portal/contrataciones/ficha/fichaProceso.php?cp=21-0417-09-1163105-2-1,Brayan Cabrera Vera (Telf: 2-901777),NA,NA,-,NA,NA,La Paz,NB-SABS (D.S.0181)
21-0417-09-1161562-2-1,Caja Nacional De Salud - Regional La Paz,Bienes,ANPP,4 Cja.Pcrq Reverso Transcriptasa Multiplex Sars Cov 2 Equipo 7500 Fast,Contratado,Si,2021-10-22,2021-10-12,1.Documento Base de Contratacion 2.Convocatoria 3.Res. de Adjudicacion (nota) 4.Informe de la Comision/Responsable de Evaluacion 5.Contrato/Orden de Compra/Orden de Servicio 6.Acta o informe de recepcion definitiva,1.FORM 100 2.FORM 170 3.FORM 200 4.FORM 500,https://www.sicoes.gob.bo/portal/contrataciones/ficha/fichaProceso.php?cp=21-0417-09-1161562-2-1,Brayan Cabrera Vera (Telf: 2-901777),NA,NA,-,18/10/2021 10:00,NA,La Paz,NB-SABS (D.S.0181)
21-0047-15-1171657-1-1,Servicio Nacional De Sanidad Agropecuaria E Inocuidad Alimentaria Senasag,Bienes,CM,"Adquisicion De Kit De Pcr, Extraccion Viral Dna/Rna Y Serologico  Para Diagnostico De Peste Porcina Africana Para El Uso De Laboratorio Unalab Santa Cruz",Contratado,No,2021-10-29,2021-10-26,1.Declaración Jurada del Proveedor 2.Oferta del Proveedor Identificado 3.Contrato/Orden de Compra/Orden de Servicio 4.Acta o informe de recepcion definitiva,1.FORM 110 2.FORM 220 3.FORM 500,https://www.sicoes.gob.bo/portal/contrataciones/ficha/fichaProceso.php?cp=21-0047-15-1171657-1-1,Jackeline Fernandez Lino (Telf: 3-46281085),NA,NA,-,NA,NA,Beni,NB-SABS (D.S.0181)
21-0417-09-1172239-1-1,Caja Nacional De Salud - Regional La Paz,Bienes,ANPE,2 Cja. Sars Cov 2 Pcrq 3 Genes,Contratado,Si,2021-11-03,2021-10-27,1.Documento Base de Contratacion 2.Convocatoria 3.Acta de Apertura 4.Informe de la Comision/Responsable de Evaluacion 5.Res. de Adjudicacion (nota) 6.Contrato/Orden de Compra/Orden de Servicio 7.Acta o informe de recepcion definitiva,1.FORM 100 2.FORM 170 3.FORM 200 4.FORM 500,https://www.sicoes.gob.bo/portal/contrataciones/ficha/fichaProceso.php?cp=21-0417-09-1172239-1-1,Aldahir Escobar Tarifa (Telf: 2-901777),NA,NA,-,NA,NA,La Paz,NB-SABS (D.S.0181)
21-0417-09-1172498-1-1,Caja Nacional De Salud - Regional La Paz,Bienes,ANPE,20 Cja. Sars Cov 2 Pcrq 4 Genes,Contratado,Si,2021-11-04,2021-10-28,1.Documento Base de Contratacion 2.Convocatoria 3.Acta de Apertura 4.Informe de la Comision/Responsable de Evaluacion 5.Res. de Adjudicacion (nota) 6.Contrato/Orden de Compra/Orden de Servicio 7.Acta o informe de recepcion definitiva,1.FORM 100 2.FORM 170 3.FORM 200 4.FORM 500,https://www.sicoes.gob.bo/portal/contrataciones/ficha/fichaProceso.php?cp=21-0417-09-1172498-1-1,Mary Barrientos Peñaloza (Telf: 2-901777),NA,NA,-,NA,NA,La Paz,NB-SABS (D.S.0181)
21-0047-15-1174601-1-1,Servicio Nacional De Sanidad Agropecuaria E Inocuidad Alimentaria Senasag,Bienes,CM,Adquisicion De Kit De Pcr Para Diagnostico De Prrs Na-Eu Para El Laboratorio Unalab Santa Cruz,Contratado,No,2021-11-11,2021-11-08,1.Oferta del Proveedor Identificado 2.Declaración Jurada del Proveedor 3.Contrato/Orden de Compra/Orden de Servicio 4.Acta o informe de recepcion definitiva,1.FORM 110 2.FORM 220 3.FORM 500,https://www.sicoes.gob.bo/portal/contrataciones/ficha/fichaProceso.php?cp=21-0047-15-1174601-1-1,Jackeline Fernandez Lino (Telf: 3-46281085),NA,NA,-,NA,NA,Beni,NB-SABS (D.S.0181)
21-0905-00-1178028-1-1,Gobierno Autónomo Departamental De Potosí,Bienes,CM,Compra De Pcr Por Nefelometria Ped. 7368,Contratado,No,2021-11-23,2021-11-18,1.Oferta del Proveedor Identificado 2.Declaración Jurada del Proveedor 3.Contrato/Orden de Compra/Orden de Servicio 4.Acta o informe de recepcion definitiva,1.FORM 110 2.FORM 220 3.FORM 500,https://www.sicoes.gob.bo/portal/contrataciones/ficha/fichaProceso.php?cp=21-0905-00-1178028-1-1,Juan Marcelo Villalpando Montoya (Telf: 6229679),NA,NA,-,NA,NA,Potosi,NB-SABS (D.S.0181)
21-0046-26-1177878-1-1,Instituto Nacional De Laboratorios De Salud Inlasa,Bienes,CM,Kit De Detección De Papiloma Virus Por Pcr En Tiempo Real,Contratado,No,2021-11-22,2021-11-18,1.Oferta del Proveedor Identificado 2.Declaración Jurada del Proveedor 3.Contrato/Orden de Compra/Orden de Servicio 4.Acta o informe de recepcion definitiva,1.FORM 110 2.FORM 220 3.FORM 500,https://www.sicoes.gob.bo/portal/contrataciones/ficha/fichaProceso.php?cp=21-0046-26-1177878-1-1,Iverth Angel Fernandez Callizaya (Telf: 2226048),NA,NA,-,NA,NA,La Paz,NB-SABS (D.S.0181)
21-0417-03-1177928-1-1,Caja Nacional De Salud Regional Santa Cruz,Bienes,ANPP,06 Item Kit De Genotipificacion De Variantes Para Rt ? Pcr De Sars Cov-2  - Supervision Regional De Laboratorio,Contratado,Si,2021-12-01,2021-11-18,1.Documento Base de Contratacion 2.Convocatoria 3.Formularios de presentacion 4.Res. de Adjudicacion (nota) 5.Informe de la Comision/Responsable de Evaluacion 6.Contrato/Orden de Compra/Orden de Servicio 7.Acta o informe de recepcion definitiva,1.FORM 100 2.FORM 170 3.FORM 200 4.FORM 500,https://www.sicoes.gob.bo/portal/contrataciones/ficha/fichaProceso.php?cp=21-0417-03-1177928-1-1,Robert Cabrera Cuellar (Telf: 3393354),NA,NA,-,NA,NA,Santa Cruz,NB-SABS (D.S.0181)
21-0902-01-1179793-1-1,Servicio Departamental De Salud La Paz Sedes,Bienes,ANPP,Adquisicion De Medios De Transporte Viral Con Dos Hisopos Para Pcr Covid - 19,Contratado,Si,2021-12-06,2021-11-24,1.Convocatoria 2.Documento Base de Contratacion 3.Informe de la Comision/Responsable de Evaluacion 4.Res. de Adjudicacion (nota) 5.Informe de la Comision/Responsable de Evaluacion 6.Informe de la Comision/Responsable de Evaluacion 7.Informe de la Comision/Responsable de Evaluacion 8.Informe de la Comision/Responsable de Evaluacion 9.Ver mas...,1.FORM 100 2.FORM 170 3.FORM 200 4.FORM 500,https://www.sicoes.gob.bo/portal/contrataciones/ficha/fichaProceso.php?cp=21-0902-01-1179793-1-1,Marco Antonio Ondarza Cofiel (Telf: 2443885),NA,NA,-,NA,NA,La Paz,NB-SABS (D.S.0181)
21-0905-00-1181603-1-1,Gobierno Autónomo Departamental De Potosí,Bienes,CM,"Compra De Pcr, Ferritina Y Dimero D Para Laboratorio De Analisis Clinico Ped. 7369",Contratado,No,2021-12-03,2021-11-30,1.Declaración Jurada del Proveedor 2.Oferta del Proveedor Identificado 3.Contrato/Orden de Compra/Orden de Servicio 4.Acta o informe de recepcion definitiva,1.FORM 110 2.FORM 220 3.FORM 500,https://www.sicoes.gob.bo/portal/contrataciones/ficha/fichaProceso.php?cp=21-0905-00-1181603-1-1,Juan Marcelo Villalpando Montoya (Telf: 6229679),NA,NA,-,NA,NA,Potosi,NB-SABS (D.S.0181)
21-1342-00-1183865-1-1,Gobierno Autonomo Municipal De Mizque,Bienes,CM,Compra De Reactivos De Pcr-Tiempo Real Nmediante La Tecnica Autorizacion De Xpress Sars - Cov -2 Genexpert,Contratado,No,2021-12-10,2021-12-07,1.Oferta del Proveedor Identificado 2.Declaración Jurada del Proveedor 3.Contrato/Orden de Compra/Orden de Servicio 4.Acta o informe de recepcion definitiva,1.FORM 110 2.FORM 220 3.FORM 500,https://www.sicoes.gob.bo/portal/contrataciones/ficha/fichaProceso.php?cp=21-1342-00-1183865-1-1,Daniel Santiago  Montenegro (Telf: 4342041),NA,NA,-,NA,NA,Cochabamba,NB-SABS (D.S.0181)
21-1702-00-1185208-1-1,Gobierno Autonomo Municipal De Cotoca,Bienes,CM,Compra De Reactivo De Medios De Transporte Viral+Isopado Para La Toma De Muestra A Pacientes Sospechosos De Covid-19 Por El Metodo Rt-Pcr Del H.M.V.C.,Contratado,No,2021-12-16,2021-12-10,1.Declaración Jurada del Proveedor 2.Oferta del Proveedor Identificado 3.Oferta del Proveedor Identificado 4.Oferta del Proveedor Identificado 5.Contrato/Orden de Compra/Orden de Servicio 6.Resolucion/Documento de Declaratoria Desierta 7.Acta o informe de recepcion definitiva,1.FORM 110 2.FORM 220 3.FORM 500,https://www.sicoes.gob.bo/portal/contrataciones/ficha/fichaProceso.php?cp=21-1702-00-1185208-1-1,Cinthya Anahy Lino Flores (Telf: 3882547),NA,NA,-,NA,NA,Santa Cruz,NB-SABS (D.S.0181)
21-0086-12-1186194-1-1,Programa Piloto De Resiliencia Climatica - Ppcr,Bienes,CM,Adquisición De Toner Para Impresora Y Fotocopiadora Para Las Oficinas De La Ucp-Ppcr,Contratado,No,2021-12-17,2021-12-14,1.Oferta del Proveedor Identificado 2.Declaración Jurada del Proveedor 3.Contrato/Orden de Compra/Orden de Servicio 4.Acta o informe de recepcion definitiva,1.FORM 110 2.FORM 220 3.FORM 500,https://www.sicoes.gob.bo/portal/contrataciones/ficha/fichaProceso.php?cp=21-0086-12-1186194-1-1,Odilia Flores Reyes (Telf: 2124743),NA,NA,-,NA,NA,La Paz,NB-SABS (D.S.0181)
22-0417-04-1192939-1-1,Caja Nacional De Salud Regional Cochabamba,Bienes,ANPP,Kit Rt-Pcr Sars Cov2 X 1000,Contratado,Si,2022-01-31,2022-01-19,1.Convocatoria 2.Documento Base de Contratacion 3.Informe de la Comision/Responsable de Evaluacion 4.Res. de Adjudicacion (nota) 5.Contrato/Orden de Compra/Orden de Servicio 6.Acta o informe de recepcion definitiva,1.FORM 100 2.FORM 170 3.FORM 200 4.FORM 500,https://www.sicoes.gob.bo/portal/contrataciones/ficha/fichaProceso.php?cp=22-0417-04-1192939-1-1,Boris Javier Alarcon Hinojosa (Telf: 4234378),NA,NA,-,NA,NA,Cochabamba,NB-SABS (D.S.0181)
